time_ms;healthy;sick;recovered;dead
63909693309000;1716;469;0;0
63909693610669;1716;469;0;0
63909693911430;1716;469;0;0
63909694212818;1716;469;0;0
63909694518147;1716;469;0;0
63909694822806;1716;469;0;0
63909695124539;1716;469;0;0
63909695427333;1716;469;0;0
63909695734977;1716;469;0;0
63909696037643;1716;469;0;0
63909696346076;1716;469;0;0
63909696650497;1716;469;0;0
63909696959920;1716;469;0;0
63909697266719;1716;469;0;0
63909697574153;1716;469;0;0
63909697876903;1716;469;0;0
63909698177039;1716;469;0;0
63909698487660;1716;469;0;0
63909698792102;1716;469;0;0
63909699099036;1716;469;0;0
63909699400152;1716;469;0;0
63909699702849;1716;469;0;0
63909700002961;1716;469;0;0
63909700309092;1716;469;0;0
63909700609728;1716;469;0;0
63909700919007;1716;469;0;0
63909701223864;1716;469;0;0
63909701539656;1716;469;0;0
63909701855059;1716;469;0;0
63909702159575;1716;469;0;0
63909702466117;1716;469;0;0
63909702774921;1716;469;0;0
63909703082893;1716;469;0;0
63909703383374;1716;469;0;0
63909703687984;1716;469;0;0
63909703997554;1716;469;0;0
63909704298624;1716;469;0;0
63909704607360;1716;469;0;0
63909704916006;1716;469;0;0
63909705220415;1716;469;0;0
63909705524696;1716;469;0;0
63909705826945;1716;469;0;0
63909706135573;1716;469;0;0
63909706440948;1716;469;0;0
63909706748029;1716;469;0;0
63909707052283;1716;469;0;0
63909707357205;1716;469;0;0
63909707658634;1716;469;0;0
63909707969387;1716;469;0;0
63909708276177;1716;469;0;0
63909708589532;1716;469;0;0
63909708894419;1716;469;0;0
63909709200542;1716;469;0;0
63909709503103;1716;469;0;0
63909709814311;1716;469;0;0
63909710119207;1716;469;0;0
63909710421617;1716;469;0;0
63909710731264;1716;469;0;0
63909711038506;1716;469;0;0
63909711347488;1716;469;0;0
63909711652673;1716;469;0;0
63909711959081;1716;469;0;0
63909712263588;1716;469;0;0
63909712565143;1716;469;0;0
63909712866782;1716;469;0;0
63909713173414;1716;469;0;0
63909713480090;1716;469;0;0
63909713786939;1716;469;0;0
63909714088622;1716;469;0;0
63909714390960;1716;469;0;0
63909714702961;1716;469;0;0
63909715008996;1716;469;0;0
63909715313321;1716;469;0;0
63909715614720;1716;469;0;0
63909715919111;1716;469;0;0
63909716223833;1716;469;0;0
63909716531000;1716;469;0;0
63909716832255;1716;469;0;0
63909717140275;1716;469;0;0
63909717450237;1716;469;0;0
63909717754680;1716;469;0;0
63909718063609;1716;469;0;0
63909718365824;1716;469;0;0
63909718673763;1716;469;0;0
63909718986062;1716;469;0;0
63909719293949;1716;469;0;0
63909719597367;1716;469;0;0
63909719898428;1716;469;0;0
63909720201827;1716;469;0;0
63909720514581;1716;469;0;0
63909720816483;1716;469;0;0
63909721121899;1716;469;0;0
63909721428958;1716;469;0;0
63909721730381;1716;469;0;0
63909722032630;1716;469;0;0
63909722339473;1716;469;0;0
63909722650232;1716;469;0;0
63909722953942;1716;469;0;0
63909723257094;1716;469;0;0
63909723569237;1716;469;0;0
63909723874984;1716;469;0;0
63909724182855;1716;469;0;0
63909724493750;1716;469;0;0
63909724799255;1716;469;0;0
63909725100972;1716;469;0;0
63909725409647;1716;469;0;0
63909725715938;1716;469;0;0
63909726029302;1716;469;0;0
63909726340363;1716;469;0;0
63909726642479;1716;469;0;0
63909726947949;1716;469;0;0
63909727286346;1716;469;0;0
63909727589171;1716;469;0;0
63909727907163;1716;469;0;0
63909728236829;1716;469;0;0
63909728543240;1716;469;0;0
63909728861372;1716;469;0;0
63909729175678;1716;469;0;0
63909729491708;1716;469;0;0
63909729795207;1716;469;0;0
63909730103681;1716;469;0;0
63909730405847;1716;469;0;0
63909730708660;1716;469;0;0
63909731012670;1716;469;0;0
63909731320874;1716;469;0;0
63909731623983;1716;469;0;0
63909731929418;1716;469;0;0
63909732234736;1716;469;0;0
63909732535812;1716;469;0;0
63909732850140;1716;469;0;0
63909733162581;1716;469;0;0
63909733470299;1716;469;0;0
63909733786664;1716;469;0;0
63909734106469;1716;469;0;0
63909734410383;1716;469;0;0
63909734725850;1716;469;0;0
63909735039279;1716;469;0;0
63909735362403;1716;469;0;0
63909735678748;1716;469;0;0
63909735991144;1716;469;0;0
63909736295314;1716;469;0;0
63909736608736;1716;469;0;0
63909736925559;1716;469;0;0
63909737242269;1716;469;0;0
63909737560045;1716;469;0;0
63909737861719;1716;469;0;0
63909738186739;1716;469;0;0
63909738499756;1716;469;0;0
63909738816453;1716;469;0;0
63909739136968;1716;469;0;0
63909739450576;1716;469;0;0
63909739756277;1716;469;0;0
63909740073991;1716;469;0;0
63909740401564;1716;469;0;0
63909740727329;1716;469;0;0
63909741045516;1716;469;0;0
63909741351506;1716;469;0;0
63909741673861;1716;469;0;0
63909741986127;1716;469;0;0
63909742311939;1716;469;0;0
63909742627612;1716;469;0;0
63909742934720;1716;469;0;0
63909743242909;1716;469;0;0
63909743549920;1716;469;0;0
63909743881614;1716;469;0;0
63909744181820;1716;469;0;0
63909744493211;1716;469;0;0
63909744802613;1716;469;0;0
63909745121377;1716;469;0;0
63909745440424;1716;469;0;0
63909745742093;1716;469;0;0
63909746055562;1716;469;0;0
63909746376161;1716;469;0;0
63909746698724;1716;469;0;0
63909747016359;1716;469;0;0
63909747319978;1716;469;0;0
63909747641360;1716;469;0;0
63909747959803;1716;469;0;0
63909748279788;1716;469;0;0
63909748597642;1716;469;0;0
63909748921954;1716;469;0;0
63909749241834;1716;469;0;0
63909749556518;1716;469;0;0
63909749878525;1716;469;0;0
63909750196089;1716;469;0;0
63909750512006;1716;469;0;0
63909750814572;1716;469;0;0
63909751132757;1716;469;0;0
63909751448288;1716;469;0;0
63909751749558;1716;469;0;0
63909752061654;1716;469;0;0
63909752378349;1716;469;0;0
63909752700444;1716;469;0;0
63909753015131;1716;469;0;0
63909753335963;1716;469;0;0
63909753656890;1716;469;0;0
63909753979261;1716;469;0;0
63909754302055;1716;469;0;0
63909754618642;1716;469;0;0
63909754937901;1716;469;0;0
63909755251083;1716;469;0;0
63909755563750;1716;469;0;0
63909755883518;1716;469;0;0
63909756184581;1716;469;0;0
63909756489350;1716;469;0;0
63909756791330;1716;469;0;0
63909757094400;1716;469;0;0
63909757399380;1716;469;0;0
63909757711806;1716;469;0;0
63909758014611;1716;469;0;0
63909758325197;1716;469;0;0
63909758626537;1716;469;0;0
63909758930580;1716;469;0;0
63909759248789;1716;469;0;0
63909759560861;1716;469;0;0
63909759868401;1716;469;0;0
63909760171639;1716;469;0;0
63909760474383;1716;469;0;0
63909760775577;1716;469;0;0
63909761083639;1716;469;0;0
63909761384937;1716;469;0;0
63909761684981;1716;469;0;0
63909761990798;1716;469;0;0
63909762292603;1716;469;0;0
63909762603344;1716;469;0;0
63909762912208;1716;469;0;0
63909763213084;1716;469;0;0
63909763524928;1716;469;0;0
63909763828292;1716;469;0;0
63909764137887;1716;469;0;0
63909764449270;1716;469;0;0
63909764757954;1716;469;0;0
63909765064101;1716;469;0;0
63909765366265;1716;469;0;0
63909765667316;1716;469;0;0
63909765973498;1716;469;0;0
63909766275274;1716;469;0;0
63909766575533;1716;469;0;0
63909766885493;1716;469;0;0
63909767186272;1716;469;0;0
63909767491090;1716;469;0;0
63909767797293;1716;469;0;0
63909768097309;1716;469;0;0
63909768403052;1716;469;0;0
63909768707822;1716;469;0;0
63909769014477;1716;469;0;0
63909769322504;1716;469;0;0
63909769628737;1716;469;0;0
63909769935552;1716;469;0;0
63909770242065;1716;469;0;0
63909770549324;1716;469;0;0
63909770853736;1716;469;0;0
63909771161422;1716;469;0;0
63909771465706;1716;469;0;0
63909771771362;1716;469;0;0
63909772079293;1716;469;0;0
63909772380945;1716;469;0;0
63909772683969;1716;469;0;0
63909772989110;1716;469;0;0
63909773296886;1716;469;0;0
63909773602606;1716;469;0;0
63909773905627;1716;469;0;0
63909774207153;1716;469;0;0
63909774513298;1716;469;0;0
63909774817421;1716;469;0;0
63909775126174;1716;469;0;0
63909775428572;1716;469;0;0
63909775733176;1716;469;0;0
63909776040446;1716;469;0;0
63909776348680;1716;469;0;0
63909776648729;1716;469;0;0
63909776958971;1716;469;0;0
63909777267405;1716;469;0;0
63909777570574;1716;469;0;0
63909777877851;1716;469;0;0
63909778179357;1716;469;0;0
63909778482723;1716;469;0;0
63909778787893;1716;469;0;0
63909779088067;1716;469;0;0
63909779398139;1716;469;0;0
63909779699269;1716;469;0;0
63909780005770;1715;470;0;0
63909780308231;1715;470;0;0
63909780616686;1715;470;0;0
63909780920666;1714;471;0;0
63909781228766;1714;471;0;0
63909781530759;1714;471;0;0
63909781839653;1714;471;0;0
63909782142279;1711;474;0;0
63909782447021;1709;476;0;0
63909782752739;1707;478;0;0
63909783060894;1706;479;0;0
63909783368036;1706;479;0;0
63909783668531;1704;481;0;0
63909783972135;1704;481;0;0
63909784274719;1702;483;0;0
63909784582217;1699;486;0;0
63909784884641;1694;491;0;0
63909785191248;1693;492;0;0
63909785491578;1693;492;0;0
63909785793311;1693;492;0;0
63909786100114;1690;495;0;0
63909786401073;1690;495;0;0
63909786701914;1685;500;0;0
63909787060386;1678;507;0;0
63909787362799;1676;509;0;0
63909787669131;1670;515;0;0
63909787983331;1670;515;0;0
63909788290837;1668;517;0;0
63909788596978;1667;518;0;0
63909788904202;1666;519;0;0
63909789209305;1663;522;0;0
63909789515257;1659;526;0;0
63909789816762;1654;531;0;0
63909790121581;1651;534;0;0
63909790423824;1649;536;0;0
63909790730563;1649;536;0;0
63909791038511;1642;543;0;0
63909791339691;1638;547;0;0
63909791640601;1632;553;0;0
63909791942137;1630;555;0;0
63909792246103;1626;559;0;0
63909792552846;1622;563;0;0
63909792862288;1617;568;0;0
63909793164237;1614;571;0;0
63909793469009;1611;574;0;0
63909793776951;1609;576;0;0
63909794080766;1606;579;0;0
63909794386838;1599;586;0;0
63909794691849;1595;590;0;0
63909794994389;1591;594;0;0
63909795302190;1589;596;0;0
63909795605964;1586;599;0;0
63909795908569;1582;603;0;0
63909796209167;1580;605;0;0
63909796512732;1577;608;0;0
63909796818335;1575;610;0;0
63909797128275;1574;611;0;0
63909797433411;1569;616;0;0
63909797735517;1565;620;0;0
63909798042986;1562;623;0;0
63909798345764;1558;627;0;0
63909798652264;1553;632;0;0
63909798952422;1549;636;0;0
63909799259584;1544;641;0;0
63909799560572;1540;645;0;0
63909799865358;1535;650;0;0
63909800170288;1533;652;0;0
63909800476790;1527;658;0;0
63909800784981;1523;662;0;0
63909801088731;1517;668;0;0
63909801391108;1514;671;0;0
63909801699160;1508;677;0;0
63909802001581;1506;679;0;0
63909802302062;1502;683;0;0
63909802605565;1499;686;0;0
63909802909238;1493;692;0;0
63909803209975;1492;693;0;0
63909803518469;1486;699;0;0
63909803821589;1480;705;0;0
63909804123328;1478;707;0;0
63909804428321;1473;712;0;0
63909804733702;1467;718;0;0
63909805042492;1464;721;0;0
63909805344040;1462;723;0;0
63909805646905;1458;727;0;0
63909805951416;1452;733;0;0
63909806253328;1447;738;0;0
63909806560406;1446;739;0;0
63909806866541;1440;745;0;0
63909807177459;1430;755;0;0
63909807482319;1425;760;0;0
63909807789526;1418;767;0;0
63909808094629;1413;772;0;0
63909808402036;1410;775;0;0
63909808707166;1404;781;0;0
63909809015854;1398;787;0;0
63909809317340;1393;792;0;0
63909809617472;1389;796;0;0
63909809918554;1386;799;0;0
63909810226091;1380;805;0;0
63909810532571;1379;806;0;0
63909810832621;1377;808;0;0
63909811139903;1371;814;0;0
63909811446997;1364;821;0;0
63909811755419;1358;827;0;0
63909812057863;1353;832;0;0
63909812362244;1350;835;0;0
63909812671287;1350;835;0;0
63909812972435;1348;837;0;0
63909813278618;1344;841;0;0
63909813585610;1343;842;0;0
63909813900522;1340;845;0;0
63909814218560;1337;848;0;0
63909814531715;1334;851;0;0
63909814833589;1331;854;0;0
63909815154363;1326;859;0;0
63909815464659;1321;864;0;0
63909815772677;1319;866;0;0
63909816076169;1315;870;0;0
63909816388347;1310;875;0;0
63909816697634;1305;880;0;0
63909817005165;1300;885;0;0
63909817309099;1297;888;0;0
63909817613867;1292;893;0;0
63909817935948;1288;897;0;0
63909818250981;1283;902;0;0
63909818552001;1279;906;0;0
63909818863632;1273;912;0;0
63909819177177;1269;916;0;0
63909819486596;1263;922;0;0
63909819792693;1256;929;0;0
63909820106612;1253;932;0;0
63909820413442;1249;936;0;0
63909820728156;1244;941;0;0
63909821032286;1240;945;0;0
63909821352024;1234;951;0;0
63909821668671;1229;956;0;0
63909821970757;1223;962;0;0
63909822287223;1221;964;0;0
63909822591241;1218;967;0;0
63909822901882;1214;971;0;0
63909823202861;1212;973;0;0
63909823516603;1206;979;0;0
63909823831319;1205;980;0;0
63909824146341;1200;985;0;0
63909824450348;1196;989;0;0
63909824750473;1193;992;0;0
63909825065400;1189;996;0;0
63909825381663;1186;999;0;0
63909825700745;1181;1004;0;0
63909826015543;1178;1007;0;0
63909826326320;1175;1010;0;0
63909826629711;1171;1014;0;0
63909826933026;1166;1019;0;0
63909827240837;1161;1024;0;0
63909827542186;1158;1027;0;0
63909827853146;1154;1031;0;0
63909828165189;1149;1036;0;0
63909828465518;1145;1040;0;0
63909828783208;1137;1048;0;0
63909829098783;1134;1051;0;0
63909829402517;1131;1054;0;0
63909829705911;1128;1057;0;0
63909830011421;1124;1061;0;0
63909830326620;1122;1063;0;0
63909830640284;1118;1067;0;0
63909830944551;1115;1070;0;0
63909831262621;1113;1072;0;0
63909831570459;1111;1074;0;0
63909831886576;1109;1076;0;0
63909832199595;1107;1078;0;0
63909832500205;1105;1080;0;0
63909832803055;1102;1083;0;0
63909833109399;1099;1086;0;0
63909833425207;1097;1088;0;0
63909833743132;1094;1091;0;0
63909834046463;1090;1095;0;0
63909834365447;1083;1102;0;0
63909834668925;1078;1107;0;0
63909834982148;1075;1110;0;0
63909835284936;1073;1112;0;0
63909835585320;1069;1116;0;0
63909835887778;1067;1118;0;0
63909836208422;1063;1122;0;0
63909836522600;1061;1124;0;0
63909836826207;1058;1127;0;0
63909837135105;1056;1129;0;0
63909837451658;1052;1133;0;0
63909837769046;1048;1137;0;0
63909838083849;1047;1138;0;0
63909838391952;1045;1140;0;0
63909838695339;1042;1143;0;0
63909839004909;1040;1145;0;0
63909839313475;1036;1149;0;0
63909839614907;1033;1152;0;0
63909839933402;1030;1155;0;0
63909840237361;1028;1157;0;0
63909840541715;1027;1158;0;0
63909840844819;1024;1161;0;0
63909841151253;1020;1165;0;0
63909841458807;1019;1166;0;0
63909841762919;1014;1171;0;0
63909842063953;1013;1172;0;0
63909842385351;1011;1174;0;0
63909842688462;1010;1175;0;0
63909842994245;1008;1177;0;0
63909843301915;1006;1179;0;0
63909843604714;1002;1183;0;0
63909843905791;1001;1184;0;0
63909844206686;999;1186;0;0
63909844515915;997;1188;0;0
63909844821043;995;1190;0;0
63909845131171;994;1191;0;0
63909845431442;993;1192;0;0
63909845739191;991;1194;0;0
63909846047899;987;1198;0;0
63909846352802;986;1199;0;0
63909846657260;984;1201;0;0
63909846966440;980;1205;0;0
63909847272211;978;1207;0;0
63909847574868;976;1209;0;0
63909847883053;972;1213;0;0
63909848183539;970;1215;0;0
63909848492143;969;1216;0;0
63909848793148;965;1220;0;0
63909849095351;963;1222;0;0
63909849397592;959;1226;0;0
63909849703316;959;1226;0;0
63909850011387;958;1227;0;0
63909850318343;955;1230;0;0
63909850624461;954;1231;0;0
63909850932948;950;1235;0;0
63909851234531;949;1236;0;0
63909851537732;948;1237;0;0
63909851847330;945;1240;0;0
63909852154730;944;1241;0;0
63909852460534;941;1244;0;0
63909852767253;939;1246;0;0
63909853075687;939;1246;0;0
63909853375989;935;1250;0;0
63909853678675;931;1254;0;0
63909853982711;928;1257;0;0
63909854290299;925;1260;0;0
63909854594941;921;1264;0;0
63909854900074;918;1267;0;0
63909855206973;913;1272;0;0
63909855511653;909;1276;0;0
63909855818219;906;1279;0;0
63909856120644;900;1285;0;0
63909856428285;895;1290;0;0
63909856732805;894;1291;0;0
63909857034228;893;1292;0;0
63909857340535;892;1293;0;0
63909857641176;887;1298;0;0
63909857944421;885;1300;0;0
63909858244452;883;1302;0;0
63909858554887;880;1305;0;0
63909858862590;878;1307;0;0
63909859210135;876;1309;0;0
63909859515342;875;1310;0;0
63909859825673;872;1313;0;0
63909860131683;868;1317;0;0
63909860433041;866;1319;0;0
63909860741428;863;1322;0;0
63909861048795;859;1326;0;0
63909861350007;858;1327;0;0
63909861656932;854;1331;0;0
63909861964048;851;1334;0;0
63909862273160;849;1336;0;0
63909862592662;844;1341;0;0
63909862898037;842;1343;0;0
63909863201499;838;1347;0;0
63909863509234;836;1349;0;0
63909863810957;832;1353;0;0
63909864113031;830;1355;0;0
63909864414342;826;1359;0;0
63909864720849;823;1362;0;0
63909865021662;821;1364;0;0
63909865327531;820;1365;0;0
63909865628730;817;1368;0;0
63909865929052;813;1372;0;0
63909866232443;808;1377;0;0
63909866540209;803;1382;0;0
63909866849967;800;1385;0;0
63909867150006;797;1388;0;0
63909867459275;795;1390;0;0
63909867764891;793;1392;0;0
63909868066712;788;1397;0;0
63909868376092;784;1401;0;0
63909868683203;783;1402;0;0
63909868985196;780;1405;0;0
63909869285851;778;1407;0;0
63909869592234;776;1409;0;0
63909869901577;775;1410;0;0
63909870207704;768;1417;0;0
63909870509315;765;1420;0;0
63909870812736;765;1420;0;0
63909871115568;763;1422;0;0
63909871423382;763;1422;0;0
63909871724081;761;1424;0;0
63909872032392;754;1431;0;0
63909872333671;751;1434;0;0
63909872640923;747;1438;0;0
63909872945599;746;1439;0;0
63909873250693;745;1440;0;0
63909873560661;744;1441;0;0
63909873867104;742;1443;0;0
63909874175440;739;1446;0;0
63909874485317;735;1450;0;0
63909874785968;734;1451;0;0
63909875094747;731;1454;0;0
63909875395376;730;1455;0;0
63909875704203;729;1456;0;0
63909876007346;726;1459;0;0
63909876307798;725;1460;0;0
63909876614216;724;1461;0;0
63909876924819;722;1463;0;0
63909877230835;721;1464;0;0
63909877538433;719;1466;0;0
63909877844219;715;1470;0;0
63909878151722;713;1472;0;0
63909878457130;711;1474;0;0
63909878760307;705;1480;0;0
63909879063001;701;1484;0;0
63909879371987;698;1487;0;0
63909879672337;696;1489;0;0
63909879980554;693;1492;0;0
63909880284945;689;1496;0;0
63909880592593;686;1499;0;0
63909880901932;682;1503;0;0
63909881202752;679;1506;0;0
63909881510991;673;1512;0;0
63909881813173;671;1514;0;0
63909882118463;668;1517;0;0
63909882421040;662;1523;0;0
63909882721750;659;1526;0;0
63909883022849;657;1528;0;0
63909883328867;651;1534;0;0
63909883635892;649;1536;0;0
63909883940131;645;1540;0;0
63909884243069;643;1542;0;0
63909884549301;641;1544;0;0
63909884855310;641;1544;0;0
63909885163556;637;1548;0;0
63909885470222;637;1548;0;0
63909885773401;634;1551;0;0
63909886082011;632;1553;0;0
63909886385098;631;1554;0;0
63909886688669;628;1557;0;0
63909886997423;626;1559;0;0
63909887304536;626;1559;0;0
63909887605433;626;1559;0;0
63909887909099;623;1562;0;0
63909888218759;621;1564;0;0
63909888523179;620;1565;0;0
63909888824135;617;1568;0;0
63909889125473;615;1570;0;0
63909889429518;613;1572;0;0
63909889732557;613;1572;0;0
63909890035928;611;1574;0;0
63909890336045;610;1575;0;0
63909890637677;608;1577;0;0
63909890941337;605;1580;0;0
63909891245424;598;1587;0;0
63909891548093;597;1588;0;0
63909891849979;592;1593;0;0
63909892159189;589;1596;0;0
63909892466431;587;1598;0;0
63909892772269;581;1604;0;0
63909893077963;580;1605;0;0
63909893385041;579;1606;0;0
63909893685614;576;1609;0;0
63909893990169;575;1610;0;0
63909894296336;574;1611;0;0
63909894600091;570;1615;0;0
63909894903625;566;1619;0;0
63909895211010;565;1620;0;0
63909895514232;560;1625;0;0
63909895819791;557;1628;0;0
63909896125685;555;1630;0;0
63909896425853;555;1630;0;0
63909896727082;553;1632;0;0
63909897029021;553;1632;0;0
63909897340047;553;1632;0;0
63909897648700;552;1633;0;0
63909897957516;550;1635;0;0
63909898265517;548;1637;0;0
63909898571622;547;1638;0;0
63909898875442;547;1638;0;0
63909899176514;547;1638;0;0
63909899481111;547;1638;0;0
63909899789060;546;1639;0;0
63909900093851;545;1640;0;0
63909900394496;545;1640;0;0
63909900705717;544;1641;0;0
63909901022565;543;1642;0;0
63909901324499;542;1642;0;1
63909901639350;542;1642;0;1
63909901950388;541;1643;0;1
63909902271146;540;1644;0;1
63909902588546;535;1649;0;1
63909902891657;535;1649;0;1
63909903192269;535;1649;0;1
63909903494916;535;1649;0;1
63909903804930;533;1651;0;1
63909904110103;532;1652;0;1
63909904414507;532;1652;0;1
63909904715418;532;1651;0;2
63909905036654;530;1653;0;2
63909905346283;528;1655;0;2
63909905657608;527;1656;0;2
63909905962384;527;1656;0;2
63909906280739;525;1658;0;2
63909906584441;522;1661;0;2
63909906886699;519;1664;0;2
63909907200189;518;1665;0;2
63909907516965;516;1667;0;2
63909907832993;513;1670;0;2
63909908152214;513;1670;0;2
63909908452607;509;1674;0;2
63909908769230;509;1674;0;2
63909909081844;509;1674;0;2
63909909402808;508;1675;0;2
63909909715147;507;1675;0;3
63909910018829;506;1676;0;3
63909910334896;505;1677;0;3
63909910649980;504;1678;0;3
63909910954824;502;1680;0;3
63909911272799;500;1682;0;3
63909911577735;500;1682;0;3
63909911892209;498;1684;0;3
63909912210282;496;1686;0;3
63909912513221;496;1686;0;3
63909912830152;496;1686;0;3
63909913145544;495;1687;0;3
63909913461722;493;1689;0;3
63909913777664;492;1690;0;3
63909914093091;490;1692;0;3
63909914409211;490;1692;0;3
63909914711721;489;1693;0;3
63909915028796;488;1694;0;3
63909915349002;487;1695;0;3
63909915663752;484;1698;0;3
63909915981127;483;1699;0;3
63909916293336;482;1700;0;3
63909916609718;481;1701;0;3
63909916925882;479;1703;0;3
63909917237914;479;1703;0;3
63909917541018;477;1704;0;4
63909917849390;477;1704;0;4
63909918164263;477;1704;0;4
63909918478035;475;1706;0;4
63909918786579;474;1707;0;4
63909919094417;472;1709;0;4
63909919398457;471;1710;0;4
63909919699243;471;1710;0;4
63909920010140;470;1711;0;4
63909920327339;470;1711;0;4
63909920640323;469;1712;0;4
63909920957549;467;1714;0;4
63909921273051;467;1714;0;4
63909921590017;467;1714;0;4
63909921908752;465;1716;0;4
63909922211055;464;1717;0;4
63909922523250;464;1716;0;5
63909922825516;464;1716;0;5
63909923145408;464;1716;0;5
63909923462644;464;1715;0;6
63909923778042;462;1717;0;6
63909924089614;461;1718;0;6
63909924392794;461;1718;0;6
63909924706044;460;1719;0;6
63909925013623;458;1721;0;6
63909925324582;456;1723;0;6
63909925633404;456;1723;0;6
63909925937522;455;1724;0;6
63909926253964;454;1725;0;6
63909926569507;453;1726;0;6
63909926874533;453;1726;0;6
63909927189829;453;1726;0;6
63909927501102;453;1726;0;6
63909927810091;453;1726;0;6
63909928115268;453;1726;0;6
63909928417120;453;1725;0;7
63909928726148;453;1725;0;7
63909929030297;451;1727;0;7
63909929341661;451;1727;0;7
63909929645484;450;1728;0;7
63909929946813;450;1728;0;7
63909930249704;450;1728;0;7
63909930557190;450;1728;0;7
63909930868408;450;1727;0;8
63909931169850;449;1727;0;9
63909931476681;446;1730;0;9
63909931782333;446;1730;0;9
63909932092276;446;1730;0;9
63909932392758;446;1730;0;9
63909932693353;443;1733;0;9
63909932994608;443;1733;0;9
63909933298346;441;1735;0;9
63909933605886;441;1735;0;9
63909933914128;441;1735;0;9
63909934220792;440;1736;0;9
63909934526990;439;1737;0;9
63909934832456;437;1739;0;9
63909935133366;436;1740;0;9
63909935436937;436;1740;0;9
63909935743916;436;1740;0;9
63909936044357;435;1741;0;9
63909936347278;434;1742;0;9
63909936653273;433;1743;0;9
63909936961172;432;1743;0;10
63909937261844;432;1743;0;10
63909937567551;432;1743;0;10
63909937876568;432;1743;0;10
63909938183360;432;1743;0;10
63909938489594;429;1746;0;10
63909938793547;429;1746;0;10
63909939102888;428;1747;0;10
63909939409267;426;1749;0;10
63909939713562;423;1752;0;10
63909940019968;422;1753;0;10
63909940322740;420;1755;0;10
63909940624069;419;1756;0;10
63909940926233;418;1757;0;10
63909941232794;418;1757;0;10
63909941543496;417;1758;0;10
63909941850660;417;1758;0;10
63909942152464;416;1759;0;10
63909942459508;416;1759;0;10
63909942766963;415;1760;0;10
63909943070412;415;1760;0;10
63909943374826;415;1760;0;10
63909943683447;415;1759;0;11
63909943988693;414;1760;0;11
63909944293353;414;1760;0;11
63909944599574;413;1761;0;11
63909944904289;412;1762;0;11
63909945209278;410;1764;0;11
63909945512531;409;1765;0;11
63909945818831;409;1765;0;11
63909946121108;409;1765;0;11
63909946430493;408;1766;0;11
63909946734219;407;1767;0;11
63909947036730;407;1767;0;11
63909947339557;406;1768;0;11
63909947640602;405;1769;0;11
63909947948321;405;1769;0;11
63909948252168;405;1769;0;11
63909948553385;404;1770;0;11
63909948863446;404;1770;0;11
63909949163534;403;1771;0;11
63909949465601;402;1772;0;11
63909949780914;401;1773;0;11
63909950090071;398;1776;0;11
63909950390214;398;1776;0;11
63909950692297;397;1777;0;11
63909950996176;397;1777;0;11
63909951298243;397;1777;0;11
63909951605867;397;1777;0;11
63909951914645;396;1778;0;11
63909952222079;395;1779;0;11
63909952525437;394;1780;0;11
63909952826270;393;1781;0;11
63909953132160;391;1783;0;11
63909953437251;391;1783;0;11
63909953740510;391;1783;0;11
63909954047077;390;1784;0;11
63909954355592;390;1784;0;11
63909954664593;389;1785;0;11
63909954969011;389;1785;0;11
63909955272162;388;1786;0;11
63909955572195;388;1786;0;11
63909955880355;387;1787;0;11
63909956185108;387;1787;0;11
63909956486510;387;1787;0;11
63909956791586;385;1789;0;11
63909957097523;383;1791;0;11
63909957401113;383;1791;0;11
63909957705561;382;1792;0;11
63909958010796;381;1793;0;11
63909958314026;381;1793;0;11
63909958619001;380;1794;0;11
63909958930672;379;1795;0;11
63909959231368;377;1797;0;11
63909959537902;376;1798;0;11
63909959844529;375;1799;0;11
63909960148174;375;1799;0;11
63909960450481;375;1799;0;11
63909960751785;374;1800;0;11
63909961058942;374;1800;0;11
63909961360050;372;1802;0;11
63909961662163;372;1802;0;11
63909961971142;371;1803;0;11
63909962272672;370;1804;0;11
63909962574735;370;1804;0;11
63909962876432;369;1805;0;11
63909963180921;367;1807;0;11
63909963484257;367;1807;0;11
63909963789920;367;1807;0;11
63909964096532;366;1808;0;11
63909964405886;365;1809;0;11
63909964711971;363;1811;0;11
63909965015762;362;1812;0;11
63909965316822;361;1813;0;11
63909965623883;360;1814;0;11
63909965924579;360;1814;0;11
63909966232235;358;1816;0;11
63909966535303;356;1818;0;11
63909966842281;356;1818;0;11
63909967145191;355;1819;0;11
63909967451567;355;1819;0;11
63909967756243;355;1819;0;11
63909968059079;353;1821;0;11
63909968370253;352;1822;0;11
63909968678904;352;1822;0;11
63909968982460;349;1825;0;11
63909969283074;348;1826;0;11
63909969589653;347;1827;0;11
63909969896004;347;1827;0;11
63909970202784;345;1829;0;11
63909970506768;344;1830;0;11
63909970815399;344;1830;0;11
63909971116190;344;1830;0;11
63909971421499;342;1832;0;11
63909971725366;342;1832;0;11
63909972031204;342;1832;0;11
63909972336767;342;1832;0;11
63909972639559;341;1833;0;11
63909972946981;339;1835;0;11
63909973255217;338;1835;0;12
63909973563333;337;1836;0;12
63909973869128;337;1836;0;12
63909974175450;336;1837;0;12
63909974481512;332;1841;0;12
63909974782283;331;1842;0;12
63909975088589;331;1842;0;12
63909975393225;331;1842;0;12
63909975696614;331;1842;0;12
63909976002696;330;1843;0;12
63909976310281;328;1845;0;12
63909976615788;328;1845;0;12
63909976921112;326;1847;0;12
63909977230409;325;1848;0;12
63909977534697;325;1848;0;12
63909977836001;325;1848;0;12
63909978147083;323;1850;0;12
63909978451444;323;1850;0;12
63909978757817;321;1852;0;12
63909979061189;320;1853;0;12
63909979363895;320;1853;0;12
63909979669042;319;1854;0;12
63909979969655;319;1854;0;12
63909980276547;318;1855;0;12
63909980578501;315;1858;0;12
63909980880637;313;1860;0;12
63909981192496;313;1860;0;12
63909981496813;313;1860;0;12
63909981805801;312;1861;0;12
63909982107749;312;1861;0;12
63909982412607;311;1862;0;12
63909982721149;310;1863;0;12
63909983712114;307;1865;0;13
63909984578838;304;1868;0;13


112868
;338575;OUTDOOR;63909914093091;(824.5, 101.8, -504.9);None
173493
;768864;OUTDOOR;63909780005770;(656.2, 97.9, -18.8);None
;222552;OUTDOOR;63909784582217;(660.0, 97.9, -18.3);None
;253961;OUTDOOR;63909784884641;(659.1, 97.9, -17.7);None
;990074;OUTDOOR;63909786701914;(660.1, 97.9, -17.6);None
;84749;OUTDOOR;63909788596978;(659.4, 97.9, -17.9);None
;752866;OUTDOOR;63909789209305;(654.8, 97.9, -18.6);None
;920720;OUTDOOR;63909790121581;(657.7, 97.9, -18.3);None
;579968;OUTDOOR;63909798652264;(659.9, 97.9, -17.6);None
;294610;OUTDOOR;63909798952422;(657.7, 97.9, -18.1);None
;990284;OUTDOOR;63909807177459;(656.8, 97.9, -18.1);None
;920878;OUTDOOR;63909808707166;(659.0, 97.9, -17.4);None
;234564;OUTDOOR;63909821352024;(658.9, 97.9, -18.0);None
;550981;INDOOR;63909873867104;(751.1, 95.9, -34.0);Residential
287856
228000
;676276;INDOOR;63909881510991;(557.8, 98.7, -66.2);Commercial
627216
;845168;INDOOR;63909856428285;(227.1, 135.5, -750.7);Residential
187838
;312741;VEHICLE;63909787669131;(5931.3, 148.3, 8579.3);None
;637918;VEHICLE;63909789816762;(5932.0, 148.3, 8579.4);None
;595790;VEHICLE;63909797433411;(5932.0, 148.3, 8579.4);None
964119
;249860;OUTDOOR;63909827853146;(249.4, 127.0, -100.3);None
;799209;INDOOR;63909863810957;(267.3, 124.9, -571.6);Monument
;180770;INDOOR;63909938489594;(605.1, 97.7, -58.3);Residential
346159
;470751;INDOOR;63909839313475;(751.1, 95.9, -34.0);Residential
;142729;INDOOR;63909858554887;(751.1, 95.9, -34.0);Residential
;924499;VEHICLE;63909910334896;(356.1, 117.3, -73.0);None
;671770;VEHICLE;63909911892209;(356.1, 117.3, -73.0);None
34291
;300792;OUTDOOR;63909782142279;(208.0, 123.2, -236.8);None
;255553;OUTDOOR;63909784884641;(208.6, 123.0, -239.7);None
;110753;OUTDOOR;63909891849979;(208.2, 123.3, -235.0);None
;735897;OUTDOOR;63909902588546;(208.7, 123.4, -233.5);None
413632
;379901;OUTDOOR;63909787060386;(832.9, 109.7, -696.2);None
;555403;OUTDOOR;63909787060386;(832.8, 109.6, -693.4);None
;495156;OUTDOOR;63909795605964;(832.6, 109.6, -693.4);None
;45383;OUTDOOR;63909800784981;(832.5, 109.5, -692.2);None
;673227;OUTDOOR;63909807177459;(833.4, 109.6, -694.8);None
;245851;OUTDOOR;63909808402036;(833.1, 109.6, -694.1);None
;845883;OUTDOOR;63909810832621;(832.5, 109.4, -690.5);None
;398293;OUTDOOR;63909811755419;(832.9, 109.6, -694.7);None
;622437;OUTDOOR;63909829098783;(833.4, 109.5, -692.6);None
;891050;VEHICLE;63909872333671;(824.3, 101.9, -505.9);None
;610107;VEHICLE;63909882721750;(820.0, 102.0, -510.3);None
;481714;INDOOR;63909942766963;(804.3, 111.6, -746.8);Residential
;412982;OUTDOOR;63909980578501;(821.3, 111.9, -758.5);None
1011161
;947095;OUTDOOR;63909783668531;(242.2, 135.2, -915.4);None
;576980;OUTDOOR;63909784582217;(253.6, 134.3, -914.1);None
;896204;OUTDOOR;63909784582217;(255.9, 134.1, -913.0);None
881392
;386290;OUTDOOR;63909782142279;(656.1, 97.9, -18.7);None
;711313;OUTDOOR;63909782142279;(656.1, 97.9, -18.5);None
;741377;OUTDOOR;63909786701914;(655.7, 97.9, -18.2);None
;1035905;OUTDOOR;63909787060386;(658.7, 97.9, -18.0);None
;145123;OUTDOOR;63909787669131;(661.1, 97.9, -17.5);None
;902851;OUTDOOR;63909792246103;(658.7, 97.9, -18.0);None
;22375;OUTDOOR;63909794386838;(660.3, 97.9, -17.3);None
;785607;OUTDOOR;63909794386838;(660.6, 97.9, -17.6);None
;18743;OUTDOOR;63909794691849;(660.0, 97.9, -17.4);None
;167527;OUTDOOR;63909801088731;(658.9, 97.9, -17.5);None
;22656;OUTDOOR;63909802001581;(660.0, 97.9, -17.7);None
;226436;OUTDOOR;63909842385351;(660.6, 97.9, -17.8);None
;857338;OUTDOOR;63909850318343;(661.2, 97.9, -18.0);None
;97505;OUTDOOR;63909889429518;(649.9, 97.8, -19.2);None
172508
;306421;INDOOR;63909780920666;(268.5, 116.3, -351.6);Monument
;42346;OUTDOOR;63909819792693;(195.9, 136.2, -775.4);None
;203181;OUTDOOR;63909820106612;(195.3, 136.1, -774.9);None
;210257;OUTDOOR;63909824750473;(195.8, 136.0, -768.6);None
;420457;OUTDOOR;63909828783208;(195.3, 136.0, -770.6);None
;698389;OUTDOOR;63909837451658;(196.0, 135.9, -766.9);None
;222867;OUTDOOR;63909844206686;(195.3, 136.0, -769.2);None
;509925;OUTDOOR;63909846352802;(196.0, 136.0, -770.4);None
;112963;OUTDOOR;63909857641176;(195.4, 136.0, -770.5);None
;265874;OUTDOOR;63909866540209;(195.3, 136.0, -770.3);None
433584
;1038983;OUTDOOR;63909920010140;(657.4, 97.9, -18.4);None
;732826;OUTDOOR;63909963180921;(654.3, 97.9, -18.8);None
407260
;599270;OUTDOOR;63909787060386;(832.4, 109.0, -681.0);None
;992559;OUTDOOR;63909791038511;(832.1, 109.0, -682.1);None
;827914;OUTDOOR;63909797433411;(832.2, 109.0, -681.2);None
;384731;OUTDOOR;63909805646905;(832.4, 108.9, -679.6);None
;938460;OUTDOOR;63909810532571;(832.2, 109.0, -681.1);None
9634
210914
;747970;OUTDOOR;63909797735517;(661.2, 97.9, -17.2);None
;241463;OUTDOOR;63909798042986;(654.8, 97.9, -18.9);None
;710629;OUTDOOR;63909798345764;(654.3, 97.9, -18.2);None
;344804;OUTDOOR;63909798952422;(650.6, 97.8, -19.8);None
;487856;OUTDOOR;63909801391108;(644.3, 97.8, -20.7);None
;55918;OUTDOOR;63909806866541;(641.8, 97.8, -20.3);None
;874018;OUTDOOR;63909811139903;(645.8, 97.8, -20.3);None
;17471;OUTDOOR;63909815154363;(645.7, 97.8, -20.6);None
392465
;490609;INDOOR;63909791640601;(759.3, 94.6, -108.2);HealthCare
;498515;INDOOR;63909803821589;(759.3, 94.6, -108.2);HealthCare
;543897;OUTDOOR;63909856120644;(505.4, 101.6, -57.6);None
;294079;OUTDOOR;63909900093851;(541.9, 99.3, -51.3);None
464578
16619
;719443;OUTDOOR;63909782447021;(650.9, 97.8, -19.3);None
;939153;OUTDOOR;63909782752739;(647.3, 97.8, -20.1);None
;976423;OUTDOOR;63909784274719;(648.1, 97.8, -19.6);None
;28583;OUTDOOR;63909785191248;(645.4, 97.8, -19.7);None
;758659;OUTDOOR;63909787362799;(649.6, 97.8, -19.9);None
;14434;OUTDOOR;63909787669131;(648.9, 97.8, -19.5);None
;350866;OUTDOOR;63909787669131;(647.9, 97.8, -20.1);None
;417588;OUTDOOR;63909792246103;(648.9, 97.8, -20.0);None
;952717;OUTDOOR;63909797433411;(649.4, 97.8, -19.7);None
;576487;OUTDOOR;63909801391108;(646.1, 97.8, -20.1);None
;388830;OUTDOOR;63909814833589;(650.3, 97.8, -19.3);None
;119514;OUTDOOR;63909816697634;(645.4, 97.8, -20.3);None
;559506;INDOOR;63909892772269;(277.7, 124.9, -112.8);Commercial
;926717;INDOOR;63909893077963;(277.7, 124.9, -112.8);Commercial
;992268;INDOOR;63909958930672;(835.3, 89.9, 20.3);Commercial
437119
;490760;OUTDOOR;63909790121581;(196.0, 136.0, -770.0);None
;583092;INDOOR;63909804428321;(81.7, 138.8, -712.3);HealthCare
;348221;INDOOR;63909863810957;(178.6, 136.1, -773.6);Residential
837879
;266630;OUTDOOR;63909782447021;(824.4, 101.6, -498.9);None
;360839;OUTDOOR;63909782752739;(824.3, 101.6, -499.4);None
;944308;OUTDOOR;63909786100114;(824.1, 101.6, -499.6);None
;164850;OUTDOOR;63909787060386;(823.7, 101.5, -498.0);None
;447022;OUTDOOR;63909796512732;(824.0, 101.6, -500.8);None
;190402;OUTDOOR;63909796818335;(824.1, 101.7, -501.6);None
;741380;OUTDOOR;63909801699160;(824.7, 101.7, -501.8);None
;616884;OUTDOOR;63909802302062;(824.7, 101.6, -500.6);None
;510290;OUTDOOR;63909804123328;(824.5, 101.7, -502.5);None
;154538;OUTDOOR;63909809617472;(824.6, 101.8, -503.2);None
;266414;OUTDOOR;63909817935948;(822.6, 101.4, -500.4);None
;327864;OUTDOOR;63909870207704;(824.0, 101.5, -497.5);None
347802
;74359;INDOOR;63909791038511;(81.7, 138.8, -712.3);HealthCare
;931551;INDOOR;63909796512732;(81.7, 138.8, -712.3);HealthCare
;579613;INDOOR;63909798952422;(81.7, 138.8, -712.3);HealthCare
;86110;INDOOR;63909801391108;(81.7, 138.8, -712.3);HealthCare
;245390;INDOOR;63909805951416;(81.7, 138.8, -712.3);HealthCare
;390101;INDOOR;63909807177459;(81.7, 138.8, -712.3);HealthCare
;472125;INDOOR;63909827240837;(81.7, 138.8, -712.3);HealthCare
;80715;INDOOR;63909830640284;(81.7, 138.8, -712.3);HealthCare
;18839;INDOOR;63909830944551;(81.7, 138.8, -712.3);HealthCare
;910201;OUTDOOR;63909881202752;(388.8, 125.9, -880.7);None
997389
;486217;OUTDOOR;63909789515257;(833.2, 109.8, -699.0);None
;933784;OUTDOOR;63909792862288;(833.5, 109.7, -695.9);None
;702575;OUTDOOR;63909799259584;(832.8, 109.8, -698.2);None
;740738;OUTDOOR;63909802302062;(833.3, 109.8, -697.7);None
;403078;OUTDOOR;63909802909238;(833.6, 109.8, -698.6);None
;842882;OUTDOOR;63909806866541;(833.6, 109.8, -698.6);None
;958027;OUTDOOR;63909807482319;(833.4, 109.8, -698.7);None
;397490;OUTDOOR;63909815464659;(833.4, 109.6, -694.9);None
;595374;OUTDOOR;63909817935948;(832.9, 109.8, -698.5);None
;584855;OUTDOOR;63909876007346;(833.0, 109.4, -689.6);None
;56657;OUTDOOR;63909890035928;(833.1, 109.4, -690.9);None
;922657;OUTDOOR;63909902588546;(833.0, 109.4, -690.1);None
;440757;OUTDOOR;63909905346283;(833.4, 109.6, -693.8);None
789862
;492795;OUTDOOR;63909783060894;(703.6, 123.8, -850.9);None
;671744;VEHICLE;63909864414342;(200.1, 136.1, -774.7);None
868740
;744498;OUTDOOR;63909784884641;(248.2, 134.7, -914.4);None
;999083;OUTDOOR;63909789515257;(245.6, 134.9, -914.7);None
;588535;OUTDOOR;63909789816762;(248.8, 134.7, -914.6);None
;264037;OUTDOOR;63909790423824;(248.3, 134.7, -914.3);None
;380377;OUTDOOR;63909791339691;(247.1, 134.8, -914.6);None
;597368;OUTDOOR;63909791640601;(250.8, 134.5, -913.6);None
;831090;OUTDOOR;63909792552846;(247.3, 134.8, -914.6);None
;215507;OUTDOOR;63909792862288;(245.9, 134.9, -914.3);None
;966089;OUTDOOR;63909794691849;(245.7, 134.9, -915.2);None
;762818;OUTDOOR;63909794994389;(246.0, 134.9, -914.4);None
;283292;OUTDOOR;63909797433411;(248.3, 134.7, -914.4);None
;264723;OUTDOOR;63909799865358;(246.2, 134.9, -914.2);None
;575088;OUTDOOR;63909800476790;(249.6, 134.6, -914.4);None
;284488;OUTDOOR;63909805042492;(250.4, 134.5, -914.1);None
;363004;OUTDOOR;63909806866541;(248.3, 134.7, -914.4);None
;395313;OUTDOOR;63909807177459;(248.2, 134.7, -914.4);None
;474313;OUTDOOR;63909809317340;(247.3, 134.8, -914.3);None
;470001;OUTDOOR;63909810226091;(247.9, 134.7, -914.2);None
;375846;OUTDOOR;63909815464659;(248.5, 134.7, -914.3);None
;516751;OUTDOOR;63909817005165;(249.3, 134.6, -914.3);None
;1016507;OUTDOOR;63909828783208;(248.5, 134.7, -914.2);None
;464065;OUTDOOR;63909830011421;(246.7, 134.8, -914.9);None
;4430;OUTDOOR;63909831570459;(245.5, 134.9, -914.7);None
;874566;OUTDOOR;63909972946981;(832.8, 109.7, -695.6);None
676464
;387392;OUTDOOR;63909783668531;(-36.7, 139.2, -757.3);None
;643536;OUTDOOR;63909784274719;(-34.5, 139.2, -757.6);None
;710232;OUTDOOR;63909788290837;(-37.9, 139.2, -757.0);None
;1028742;OUTDOOR;63909789515257;(-37.1, 139.2, -757.8);None
;824482;OUTDOOR;63909790423824;(-35.4, 139.2, -757.6);None
;88441;OUTDOOR;63909791038511;(-34.8, 139.2, -757.0);None
;290878;OUTDOOR;63909791038511;(-35.3, 139.2, -757.6);None
;858220;OUTDOOR;63909794080766;(-37.5, 139.2, -757.2);None
;666842;OUTDOOR;63909794386838;(-35.5, 139.2, -757.3);None
;734634;OUTDOOR;63909794691849;(-35.2, 139.2, -757.5);None
;835773;OUTDOOR;63909799865358;(-33.7, 139.2, -757.3);None
;1012030;OUTDOOR;63909801088731;(-35.4, 139.2, -757.1);None
;256357;OUTDOOR;63909801699160;(-38.5, 139.2, -757.2);None
;725496;OUTDOOR;63909801699160;(-34.7, 139.2, -756.8);None
;792340;OUTDOOR;63909802909238;(-37.7, 139.2, -757.3);None
;919312;OUTDOOR;63909802909238;(-36.3, 139.2, -757.8);None
;139650;OUTDOOR;63909805042492;(-37.1, 139.2, -756.9);None
;448418;OUTDOOR;63909809015854;(-35.2, 139.2, -757.3);None
;954593;OUTDOOR;63909810226091;(-33.3, 139.2, -757.5);None
;52568;OUTDOOR;63909814531715;(-36.8, 139.2, -757.6);None
;891427;OUTDOOR;63909816388347;(-36.1, 139.2, -757.3);None
;515334;OUTDOOR;63909819486596;(-37.3, 139.2, -757.7);None
;902977;OUTDOOR;63909822287223;(-35.4, 139.2, -757.7);None
;880110;OUTDOOR;63909823516603;(-37.9, 139.2, -757.4);None
;40349;OUTDOOR;63909825700745;(-33.1, 139.2, -756.9);None
;115833;OUTDOOR;63909826015543;(-37.6, 139.2, -757.1);None
;244387;OUTDOOR;63909827542186;(-37.3, 139.2, -757.1);None
;1028617;OUTDOOR;63909831262621;(-33.5, 139.2, -757.5);None
;635478;OUTDOOR;63909831886576;(-35.8, 139.2, -757.0);None
;219048;OUTDOOR;63909834365447;(-32.8, 139.2, -757.2);None
;510250;OUTDOOR;63909834365447;(-34.5, 139.2, -757.0);None
;139174;OUTDOOR;63909837769046;(-34.8, 139.2, -757.0);None
;528569;OUTDOOR;63909841151253;(-34.5, 139.2, -757.3);None
;1047052;OUTDOOR;63909857340535;(-34.3, 139.2, -757.2);None
;734348;OUTDOOR;63909962272672;(-36.1, 139.2, -757.6);None
386374
;151596;OUTDOOR;63909792246103;(833.2, 109.6, -693.7);None
;42466;OUTDOOR;63909797735517;(832.9, 109.6, -693.7);None
;46746;OUTDOOR;63909800476790;(832.7, 109.7, -695.5);None
;459707;OUTDOOR;63909821970757;(833.4, 109.5, -692.8);None
;296455;VEHICLE;63909861964048;(831.9, 109.6, -695.5);None
800733
;667299;INDOOR;63909953132160;(360.5, 117.4, -99.0);Commercial
166948
;986853;OUTDOOR;63909787060386;(707.7, 123.6, -850.4);None
;650961;OUTDOOR;63909792862288;(705.1, 123.7, -850.2);None
;76910;OUTDOOR;63909812057863;(705.7, 123.7, -850.3);None
;151073;VEHICLE;63909847883053;(-871.2, 138.3, -766.6);None
;282748;VEHICLE;63909848183539;(199.9, 136.3, -783.4);None
;705177;VEHICLE;63909851537732;(199.9, 136.3, -783.4);None
;327823;OUTDOOR;63909863201499;(838.8, 112.7, -813.5);None
191249
;76989;INDOOR;63909804733702;(788.4, 96.9, -395.1);FireDepartment
;260851;INDOOR;63909805951416;(788.4, 96.9, -395.1);FireDepartment
;310428;INDOOR;63909815772677;(786.7, 95.1, -359.2);Residential
;946022;INDOOR;63909862273160;(788.4, 96.9, -395.1);FireDepartment
;400437;INDOOR;63909862592662;(788.4, 96.9, -395.1);FireDepartment
;81468;INDOOR;63909875094747;(788.4, 96.9, -395.1);FireDepartment
;211224;INDOOR;63909877230835;(788.4, 96.9, -395.1);FireDepartment
;163770;INDOOR;63909886688669;(788.4, 96.9, -395.1);FireDepartment
;865015;INDOOR;63909893685614;(788.4, 96.9, -395.1);FireDepartment
166057
;966879;OUTDOOR;63909811446997;(192.7, 137.2, -873.7);None
;200903;OUTDOOR;63909812057863;(193.3, 137.2, -873.0);None
;284549;OUTDOOR;63909825700745;(193.3, 137.2, -868.1);None
;785259;OUTDOOR;63909850932948;(193.3, 137.2, -868.1);None
;25660;OUTDOOR;63909853678675;(193.7, 137.2, -870.7);None
;680852;OUTDOOR;63909868376092;(193.7, 137.2, -870.9);None
;320785;OUTDOOR;63909872032392;(193.1, 137.2, -869.1);None
;393745;OUTDOOR;63909872640923;(193.1, 137.2, -872.4);None
;410905;OUTDOOR;63909950090071;(458.1, 126.1, -871.0);None
335417
;974378;OUTDOOR;63909789816762;(833.5, 109.8, -699.2);None
;880691;OUTDOOR;63909795908569;(833.0, 109.7, -697.6);None
;291437;OUTDOOR;63909798042986;(832.8, 109.7, -696.8);None
;673255;OUTDOOR;63909798345764;(832.8, 109.7, -697.3);None
;936842;OUTDOOR;63909811446997;(832.9, 109.8, -698.0);None
690749
;676163;INDOOR;63909784884641;(252.7, 126.7, -108.9);Commercial
;933786;INDOOR;63909789209305;(252.7, 126.7, -108.9);Commercial
;1042060;INDOOR;63909984578838;(277.7, 124.9, -112.8);Commercial
494249
;1022177;INDOOR;63909807482319;(424.6, 125.7, -858.4);Residential
52334
;286832;OUTDOOR;63909787362799;(704.2, 123.8, -850.7);None
;650411;OUTDOOR;63909787669131;(705.4, 123.7, -850.8);None
;494325;OUTDOOR;63909816697634;(705.3, 123.7, -850.7);None
;345452;VEHICLE;63909822591241;(252.1, 134.3, -909.2);None
;454575;VEHICLE;63909828165189;(701.7, 123.8, -846.2);None
672743
;87614;OUTDOOR;63909784884641;(-43.1, 139.1, -758.2);None
;866312;VEHICLE;63909786100114;(-47.8, 139.0, -753.6);None
;266721;VEHICLE;63909786701914;(-47.8, 139.0, -753.6);None
;835435;VEHICLE;63909787060386;(-47.8, 139.0, -753.7);None
;394394;VEHICLE;63909789816762;(-47.8, 139.0, -753.7);None
;236837;VEHICLE;63909793469009;(-47.8, 139.0, -753.6);None
;227991;VEHICLE;63909793776951;(-47.8, 139.0, -753.7);None
;362089;VEHICLE;63909793776951;(-47.7, 139.0, -753.9);None
;327523;VEHICLE;63909795605964;(-47.8, 139.0, -753.6);None
;315313;VEHICLE;63909798652264;(-47.8, 139.0, -753.7);None
;965250;VEHICLE;63909798652264;(-47.8, 139.0, -753.8);None
;324512;VEHICLE;63909798952422;(200.1, 136.1, -774.7);None
;556811;VEHICLE;63909800170288;(-47.8, 139.0, -753.6);None
;340084;VEHICLE;63909807789526;(-47.8, 139.0, -753.6);None
;724326;VEHICLE;63909809015854;(-47.8, 139.0, -753.6);None
;200624;VEHICLE;63909809918554;(-47.8, 139.0, -753.6);None
;431073;OUTDOOR;63909811139903;(244.2, 135.0, -913.2);None
;1026152;OUTDOOR;63909825065400;(327.5, 128.6, -889.0);None
844520
;900411;OUTDOOR;63909786100114;(833.3, 109.7, -695.8);None
;678261;OUTDOOR;63909794386838;(833.1, 109.8, -698.2);None
;885981;OUTDOOR;63909805646905;(833.4, 109.5, -693.2);None
;1042263;OUTDOOR;63909815154363;(833.0, 109.7, -695.6);None
;1015211;OUTDOOR;63909826629711;(832.8, 109.8, -698.6);None
;850607;OUTDOOR;63909834982148;(832.8, 109.6, -694.4);None
823727
;915551;OUTDOOR;63909909402808;(833.5, 110.4, -711.6);None
;480518;OUTDOOR;63909964711971;(832.9, 109.4, -689.6);None
613227
223316
;644707;VEHICLE;63909822591241;(-871.2, 138.3, -766.6);None
;168548;VEHICLE;63909824450348;(-871.2, 138.3, -766.6);None
;155183;VEHICLE;63909826326320;(-871.2, 138.3, -766.6);None
;145007;VEHICLE;63909830640284;(701.8, 123.8, -846.3);None
;323343;VEHICLE;63909835585320;(252.1, 134.3, -909.2);None
16014
;740684;OUTDOOR;63909805344040;(214.1, 125.9, -580.9);None
442034
;234759;INDOOR;63909884243069;(113.9, 138.4, -761.8);Commercial
;547775;INDOOR;63909929645484;(530.2, 100.0, -70.8);Commercial
;411261;INDOOR;63909946734219;(530.2, 100.0, -70.8);Commercial
9034
800091
;349194;INDOOR;63909786701914;(-1337.1, 139.3, -792.1);PublicTransport
;659359;INDOOR;63909878151722;(-1337.1, 139.3, -792.1);PublicTransport
372097
;321827;OUTDOOR;63909792552846;(208.2, 123.0, -238.7);None
;531634;OUTDOOR;63909799259584;(208.6, 123.2, -236.2);None
;736453;OUTDOOR;63909800784981;(208.0, 123.2, -236.0);None
;954208;OUTDOOR;63909806253328;(208.6, 123.2, -236.5);None
;2562;OUTDOOR;63909816076169;(207.9, 123.2, -236.6);None
;796788;OUTDOOR;63909820728156;(207.7, 123.0, -239.2);None
;863404;OUTDOOR;63909821032286;(208.1, 123.3, -234.4);None
;68653;OUTDOOR;63909824146341;(207.8, 123.0, -239.7);None
;792274;OUTDOOR;63909824146341;(208.2, 123.0, -239.7);None
;611691;OUTDOOR;63909827542186;(208.0, 123.0, -240.0);None
;38479;OUTDOOR;63909867150006;(208.5, 123.2, -235.5);None
1023970
;1039112;INDOOR;63909797128275;(908.6, 74.5, -2.0);Beautification
;199646;OUTDOOR;63909874175440;(782.2, 93.6, -9.0);None
;622108;OUTDOOR;63909890035928;(656.5, 97.9, -18.7);None
633879
;197022;INDOOR;63909853678675;(227.1, 135.5, -750.7);Residential
534075
;129596;OUTDOOR;63909788904202;(789.2, 94.3, -41.4);None
247209
;515194;OUTDOOR;63909846966440;(652.1, 97.8, -19.4);None
;183944;OUTDOOR;63909863509234;(651.6, 97.8, -19.5);None
;872654;VEHICLE;63909910018829;(364.5, 116.4, -71.6);None
74681
;975777;INDOOR;63909804733702;(254.7, 121.8, -259.3);HealthCare
;743031;OUTDOOR;63909807482319;(221.3, 120.6, -277.4);None
;165171;OUTDOOR;63909843604714;(200.8, 135.1, -719.7);None
888836
248638
;593461;OUTDOOR;63909786701914;(832.2, 109.0, -681.9);None
;64990;OUTDOOR;63909789816762;(832.6, 109.1, -684.0);None
;353596;OUTDOOR;63909793164237;(832.5, 109.0, -680.9);None
;11554;OUTDOOR;63909794386838;(832.7, 109.1, -683.3);None
;523804;OUTDOOR;63909795908569;(832.8, 108.9, -679.8);None
;536601;OUTDOOR;63909795908569;(832.2, 108.9, -679.7);None
;583011;OUTDOOR;63909796209167;(832.5, 109.1, -683.4);None
;659249;OUTDOOR;63909796512732;(832.2, 109.1, -684.4);None
;226511;OUTDOOR;63909797735517;(832.6, 109.0, -680.5);None
;1039934;OUTDOOR;63909841762919;(832.3, 109.1, -683.7);None
;660651;OUTDOOR;63909949780914;(833.3, 109.8, -699.1);None
343162
;964987;OUTDOOR;63909788290837;(651.8, 97.8, -19.4);None
;85516;OUTDOOR;63909791640601;(656.7, 97.9, -17.9);None
;1021520;OUTDOOR;63909791942137;(655.4, 97.9, -18.7);None
;913811;OUTDOOR;63909792246103;(653.8, 97.8, -19.2);None
;425899;OUTDOOR;63909802605565;(654.9, 97.9, -18.1);None
;584389;OUTDOOR;63909803518469;(652.4, 97.8, -18.9);None
;930698;OUTDOOR;63909804428321;(655.3, 97.9, -18.7);None
;882980;OUTDOOR;63909818552001;(655.0, 97.9, -18.6);None
;241131;OUTDOOR;63909839313475;(651.8, 97.8, -19.2);None
;121950;OUTDOOR;63909858244452;(653.7, 97.8, -19.1);None
1048431
;699462;INDOOR;63909802605565;(240.5, 126.0, -182.9);Residential
;486654;INDOOR;63909803518469;(240.5, 126.0, -182.9);Residential
;367878;INDOOR;63909945512531;(240.5, 126.0, -182.9);Residential
681986
;592922;INDOOR;63909787669131;(261.1, 132.5, -667.5);Monument
;182545;INDOOR;63909826629711;(46.1, 139.1, -767.4);Commercial
;199791;OUTDOOR;63909849397592;(-46.3, 139.1, -758.0);None
;887469;OUTDOOR;63909855206973;(-43.1, 139.1, -758.2);None
;360729;OUTDOOR;63909865628730;(-44.6, 139.1, -758.0);None
;1028404;OUTDOOR;63909894296336;(-47.8, 139.1, -758.0);None
441689
;725931;VEHICLE;63909974481512;(807.1, 91.5, -226.1);None
1019559
;642001;OUTDOOR;63909813900522;(690.9, 124.5, -852.1);None
;734459;OUTDOOR;63909817005165;(692.1, 124.5, -852.4);None
;594820;VEHICLE;63909820728156;(693.2, 124.4, -852.3);None
;733559;VEHICLE;63909822901882;(243.6, 135.0, -910.4);None
363264
;1011451;OUTDOOR;63909815464659;(210.6, 127.9, -109.5);None
;1028357;INDOOR;63909862898037;(451.3, 107.5, -83.9);Commercial
;61273;INDOOR;63909897957516;(451.3, 107.5, -83.9);Commercial
;875342;INDOOR;63909911272799;(451.3, 107.5, -83.9);Commercial
511700
;208789;INDOOR;63909791640601;(-117.3, 138.9, -781.1);Commercial
;555353;INDOOR;63909799865358;(-117.3, 138.9, -781.1);Commercial
;181416;INDOOR;63909806866541;(-117.3, 138.9, -781.1);Commercial
;643474;INDOOR;63909807482319;(-117.3, 138.9, -781.1);Commercial
;816909;INDOOR;63909813278618;(-117.3, 138.9, -781.1);Commercial
;598766;INDOOR;63909817935948;(-117.3, 138.9, -781.1);Commercial
;719774;INDOOR;63909818552001;(-117.3, 138.9, -781.1);Commercial
;700962;INDOOR;63909826933026;(-117.3, 138.9, -781.1);Commercial
;912452;INDOOR;63909840844819;(-117.3, 138.9, -781.1);Commercial
;623451;INDOOR;63909857944421;(-117.3, 138.9, -781.1);Commercial
;720213;INDOOR;63909878457130;(-117.3, 138.9, -781.1);Commercial
;1029625;INDOOR;63909882421040;(-117.3, 138.9, -781.1);Commercial
;171591;INDOOR;63909902588546;(-117.3, 138.9, -781.1);Commercial
546102
;712602;INDOOR;63909789209305;(261.1, 132.5, -667.5);Monument
;316343;INDOOR;63909801088731;(261.1, 132.5, -667.5);Monument
;526329;INDOOR;63909813900522;(261.1, 132.5, -667.5);Monument
;324998;INDOOR;63909852767253;(261.1, 132.5, -667.5);Monument
;127262;INDOOR;63909878760307;(261.1, 132.5, -667.5);Monument
;728322;INDOOR;63909880284945;(261.1, 132.5, -667.5);Monument
;122205;INDOOR;63909894903625;(261.1, 132.5, -667.5);Monument
972957
;76744;OUTDOOR;63909789515257;(823.8, 101.7, -502.3);None
;592448;OUTDOOR;63909792552846;(823.9, 101.7, -501.6);None
;447641;OUTDOOR;63909856120644;(824.4, 101.7, -501.8);None
753534
;962109;OUTDOOR;63909903804930;(833.2, 109.5, -692.8);None
;521847;OUTDOOR;63909972946981;(833.5, 109.6, -694.4);None
314516
;1041482;OUTDOOR;63909790121581;(648.2, 97.8, -19.3);None
;454028;OUTDOOR;63909791038511;(648.6, 97.8, -19.5);None
;370882;OUTDOOR;63909791640601;(651.4, 97.8, -19.6);None
;568061;OUTDOOR;63909793469009;(648.5, 97.8, -19.5);None
;616828;OUTDOOR;63909794386838;(651.6, 97.8, -19.5);None
;531607;OUTDOOR;63909796818335;(650.5, 97.8, -19.8);None
;508134;OUTDOOR;63909797433411;(651.6, 97.8, -19.5);None
;383839;OUTDOOR;63909799865358;(649.2, 97.8, -19.6);None
;271047;OUTDOOR;63909874175440;(652.0, 97.8, -19.2);None
849583
946733
;1021440;OUTDOOR;63909809317340;(824.5, 102.0, -507.9);None
;259763;OUTDOOR;63909811755419;(824.3, 101.9, -506.0);None
;211245;OUTDOOR;63909819792693;(824.7, 102.0, -508.6);None
;731427;OUTDOOR;63909841762919;(824.1, 101.8, -503.2);None
;63344;OUTDOOR;63909842994245;(824.2, 102.0, -508.7);None
;836775;VEHICLE;63909856428285;(823.9, 101.9, -506.6);None
;1016792;VEHICLE;63909860433041;(819.6, 101.6, -501.7);None
;364650;INDOOR;63909878457130;(816.4, 93.0, 3.5);Commercial
;1010747;INDOOR;63909957705561;(816.4, 93.0, 3.5);Commercial
367837
;124098;VEHICLE;63909791339691;(200.1, 136.1, -774.8);None
;191670;VEHICLE;63909791942137;(-871.0, 138.5, -775.2);None
;204079;OUTDOOR;63909795908569;(230.3, 136.1, -916.7);None
161186
501381
387093
;466459;OUTDOOR;63909798345764;(824.6, 101.6, -500.3);None
;193037;OUTDOOR;63909833425207;(823.9, 101.6, -499.5);None
;12565;OUTDOOR;63909953132160;(824.4, 101.0, -484.4);None
;518371;OUTDOOR;63909966535303;(824.2, 101.7, -501.6);None
570477
;428769;OUTDOOR;63909828783208;(833.3, 109.8, -699.8);None
438341
;656265;INDOOR;63909804428321;(388.1, 114.4, -94.4);Commercial
;397159;INDOOR;63909880284945;(388.1, 114.4, -94.4);Commercial
;256032;VEHICLE;63909952826270;(206.6, 117.8, -501.8);None
241353
;944584;INDOOR;63909868683203;(581.5, 98.0, -62.2);Commercial
;256762;INDOOR;63909870207704;(581.5, 98.0, -62.2);Commercial
925699
;860269;VEHICLE;63909791038511;(197.8, 137.1, -872.4);None
;260404;VEHICLE;63909793164237;(202.1, 133.9, -688.8);None
;68888;VEHICLE;63909793469009;(807.1, 91.5, -226.1);None
;329081;VEHICLE;63909794386838;(197.8, 137.1, -872.4);None
;125923;VEHICLE;63909794994389;(197.8, 137.1, -872.4);None
;62028;VEHICLE;63909798345764;(197.8, 137.1, -872.4);None
;583079;VEHICLE;63909803518469;(807.1, 91.5, -226.1);None
;892638;VEHICLE;63909804733702;(197.8, 137.1, -872.4);None
;955727;OUTDOOR;63909829705911;(-174.9, 139.5, -770.7);None
;817128;OUTDOOR;63909861964048;(-49.7, 139.0, -758.5);None
;406032;OUTDOOR;63909870207704;(-51.2, 139.0, -759.0);None
;115806;VEHICLE;63909893685614;(-874.1, 134.7, -594.9);None
547285
;570586;OUTDOOR;63909791038511;(652.8, 97.8, -18.8);None
;295534;OUTDOOR;63909791339691;(651.6, 97.8, -19.5);None
;335490;OUTDOOR;63909791339691;(651.8, 97.8, -19.4);None
;532317;OUTDOOR;63909791640601;(651.2, 97.8, -19.2);None
;520877;OUTDOOR;63909792862288;(651.8, 97.8, -19.5);None
;139288;OUTDOOR;63909794994389;(651.6, 97.8, -19.5);None
;137864;OUTDOOR;63909800784981;(652.7, 97.8, -18.9);None
;1011419;OUTDOOR;63909802605565;(650.7, 97.8, -19.5);None
;212252;OUTDOOR;63909803821589;(649.2, 97.8, -20.1);None
;48888;OUTDOOR;63909811139903;(651.6, 97.8, -19.5);None
;830872;OUTDOOR;63909814218560;(651.6, 97.8, -19.5);None
;1001816;OUTDOOR;63909818250981;(649.5, 97.8, -19.5);None
;547924;OUTDOOR;63909849397592;(788.9, 94.1, -30.0);None
;31684;INDOOR;63909857034228;(778.9, 92.2, -187.3);Residential
;589249;INDOOR;63909857641176;(778.9, 92.2, -187.3);Residential
;34287;INDOOR;63909890941337;(778.9, 92.2, -187.3);Residential
;17938;INDOOR;63909951914645;(778.9, 92.2, -187.3);Residential
483490
;793772;VEHICLE;63909792552846;(7313.9, 52.0, -8612.8);None
;827051;VEHICLE;63909793164237;(7313.9, 52.0, -8612.8);None
;286764;OUTDOOR;63909803821589;(-1331.5, 139.3, -759.6);None
;163248;OUTDOOR;63909806253328;(-1287.6, 139.3, -781.2);None
;426007;OUTDOOR;63909808707166;(-1271.2, 139.3, -735.1);None
;842626;OUTDOOR;63909876007346;(-869.3, 134.7, -587.7);None
;578537;OUTDOOR;63909888218759;(-869.6, 134.7, -589.5);None
;702679;OUTDOOR;63909932693353;(-869.5, 134.7, -589.2);None
263916
599504
;537858;OUTDOOR;63909868066712;(699.5, 124.0, -850.9);None
948391
;241358;OUTDOOR;63909794080766;(641.2, 97.8, -20.7);None
;1005580;OUTDOOR;63909799259584;(641.5, 97.8, -21.2);None
;42349;OUTDOOR;63909800476790;(642.7, 97.8, -21.0);None
;351586;OUTDOOR;63909801088731;(642.1, 97.8, -21.2);None
;778572;OUTDOOR;63909801699160;(644.1, 97.8, -20.0);None
;902578;OUTDOOR;63909804733702;(641.6, 97.8, -20.7);None
;549067;OUTDOOR;63909841151253;(641.2, 97.8, -20.9);None
105240
;174542;OUTDOOR;63909813900522;(797.5, 91.5, -228.4);None
;182739;INDOOR;63909861048795;(908.6, 74.5, -2.0);Beautification
;966465;INDOOR;63909862898037;(908.6, 74.5, -2.0);Beautification
;574635;INDOOR;63909879063001;(908.6, 74.5, -2.0);Beautification
971315
;115834;OUTDOOR;63909792862288;(648.6, 97.8, -19.9);None
;93314;OUTDOOR;63909794080766;(652.9, 97.8, -18.8);None
;86520;OUTDOOR;63909794691849;(650.2, 97.8, -19.7);None
;488894;OUTDOOR;63909796209167;(651.2, 97.8, -18.9);None
;999423;OUTDOOR;63909799259584;(654.3, 97.9, -18.4);None
;76660;OUTDOOR;63909799560572;(650.6, 97.8, -19.4);None
;623047;OUTDOOR;63909800784981;(653.8, 97.8, -18.5);None
;97184;OUTDOOR;63909812057863;(651.2, 97.8, -19.0);None
;806405;OUTDOOR;63909817309099;(650.5, 97.8, -19.2);None
;239183;OUTDOOR;63909837769046;(651.6, 97.8, -19.5);None
;46621;OUTDOOR;63909841458807;(651.6, 97.8, -19.5);None
;834734;OUTDOOR;63909883328867;(659.2, 97.9, -18.2);None
1008494
;467548;INDOOR;63909801699160;(267.3, 124.9, -571.6);Monument
;44199;OUTDOOR;63909828465518;(201.8, 118.9, -512.6);None
;182362;INDOOR;63909896125685;(267.3, 124.9, -571.6);Monument
419094
;6548;OUTDOOR;63909819177177;(-41.8, 139.1, -757.9);None
;745805;OUTDOOR;63909821970757;(-46.4, 139.1, -758.2);None
;8097;OUTDOOR;63909824146341;(-44.6, 139.1, -757.5);None
;260519;OUTDOOR;63909826933026;(-43.1, 139.1, -758.2);None
;636318;OUTDOOR;63909831886576;(-43.2, 139.1, -758.2);None
;335763;OUTDOOR;63909834365447;(-43.1, 139.1, -758.2);None
;614129;OUTDOOR;63909836826207;(-44.4, 139.1, -758.3);None
;620404;OUTDOOR;63909837135105;(-45.3, 139.1, -757.9);None
;391148;OUTDOOR;63909846047899;(-44.6, 139.1, -758.5);None
;990303;OUTDOOR;63909855818219;(-47.1, 139.1, -757.8);None
;501181;OUTDOOR;63909860131683;(-47.0, 139.1, -757.9);None
;324810;OUTDOOR;63909860433041;(-47.4, 139.1, -758.4);None
;215215;OUTDOOR;63909862592662;(-43.4, 139.1, -758.1);None
;324277;OUTDOOR;63909872032392;(-44.6, 139.1, -757.9);None
498556
;932936;OUTDOOR;63909883940131;(652.6, 97.8, -18.7);None
20649
;900599;INDOOR;63909854594941;(289.9, 131.0, -877.2);Residential
;370058;INDOOR;63909931169850;(289.9, 131.0, -877.2);Residential
844435
;118467;INDOOR;63909795302190;(224.3, 137.2, -870.7);Residential
;413766;OUTDOOR;63909879980554;(256.9, 134.0, -913.0);None
;920452;OUTDOOR;63909908452607;(254.2, 134.2, -913.5);None
756360
;819955;INDOOR;63909862592662;(751.1, 95.9, -34.0);Residential
30805
;748112;INDOOR;63909800476790;(795.6, 104.0, -555.0);PoliceDepartment
;564115;INDOOR;63909802001581;(795.6, 104.0, -555.0);PoliceDepartment
;514912;INDOOR;63909803209975;(795.6, 104.0, -555.0);PoliceDepartment
;785956;INDOOR;63909803821589;(795.6, 104.0, -555.0);PoliceDepartment
;584100;INDOOR;63909811446997;(795.6, 104.0, -555.0);PoliceDepartment
138770
;370732;OUTDOOR;63909836826207;(762.9, 94.9, -14.7);None
;929860;VEHICLE;63909931476681;(212.7, 123.0, -238.5);None
;688070;VEHICLE;63909934526990;(212.8, 123.0, -238.4);None
;441086;OUTDOOR;63909971421499;(195.1, 136.5, -786.2);None
;1035120;OUTDOOR;63909973255217;(195.2, 136.5, -788.1);None
;915735;OUTDOOR;63909976310281;(195.2, 136.4, -785.6);None
743969
;556699;OUTDOOR;63909805646905;(657.1, 97.9, -18.7);None
;781272;OUTDOOR;63909807177459;(643.6, 97.8, -20.5);None
;579;OUTDOOR;63909808402036;(642.2, 97.8, -20.8);None
;548281;VEHICLE;63909883328867;(356.1, 117.3, -73.0);None
609738
;657831;OUTDOOR;63909805042492;(700.3, 124.0, -850.9);None
;336482;OUTDOOR;63909805646905;(696.7, 124.2, -852.0);None
;674497;VEHICLE;63909821352024;(-871.2, 138.3, -766.6);None
;232096;VEHICLE;63909832199595;(-871.0, 138.3, -766.6);None
;818326;OUTDOOR;63909913777664;(699.0, 124.1, -851.0);None
525035
;1018416;OUTDOOR;63909890336045;(833.4, 109.7, -695.7);None
;558213;OUTDOOR;63909895211010;(833.2, 109.8, -698.5);None
;677615;OUTDOOR;63909895514232;(833.4, 109.8, -698.1);None
;205378;OUTDOOR;63909895819791;(832.5, 109.6, -693.5);None
;125271;OUTDOOR;63909905346283;(833.0, 109.7, -695.7);None
;1047575;OUTDOOR;63909923778042;(833.4, 109.8, -697.9);None
;753508;OUTDOOR;63909940624069;(833.1, 109.8, -698.3);None
464903
;1003602;INDOOR;63909832803055;(656.4, 97.9, -1.1);Residential
;280557;OUTDOOR;63909877538433;(659.9, 97.9, -18.1);None
;633068;OUTDOOR;63909905036654;(661.8, 97.9, -17.7);None
;71973;OUTDOOR;63909966232235;(659.9, 97.9, -18.1);None
560495
258166
488969
;58219;OUTDOOR;63909798652264;(207.9, 123.3, -233.9);None
;326238;OUTDOOR;63909799865358;(208.0, 123.5, -231.2);None
;236748;OUTDOOR;63909800476790;(207.9, 123.3, -233.9);None
;1042045;OUTDOOR;63909810226091;(207.9, 123.3, -233.9);None
;857682;OUTDOOR;63909819177177;(207.9, 123.4, -233.4);None
;646551;OUTDOOR;63909825381663;(207.9, 123.5, -230.8);None
;967170;OUTDOOR;63909828465518;(208.7, 123.5, -230.6);None
;507964;OUTDOOR;63909832500205;(208.5, 123.5, -231.4);None
;840728;OUTDOOR;63909833109399;(208.1, 123.6, -229.3);None
;847191;OUTDOOR;63909834668925;(208.0, 123.6, -229.8);None
;483452;OUTDOOR;63909834982148;(208.1, 123.7, -228.5);None
;414294;OUTDOOR;63909835284936;(208.5, 123.4, -232.6);None
;234879;OUTDOOR;63909849397592;(207.9, 123.3, -233.9);None
;744387;OUTDOOR;63909879980554;(208.7, 123.6, -229.2);None
1040700
;1025904;OUTDOOR;63909810226091;(833.1, 109.3, -688.5);None
679932
;265973;OUTDOOR;63909798042986;(651.7, 97.8, -19.5);None
;956196;OUTDOOR;63909798652264;(649.1, 97.8, -19.9);None
;512571;OUTDOOR;63909802909238;(648.8, 97.8, -19.4);None
;714076;OUTDOOR;63909806253328;(651.6, 97.8, -19.5);None
;220642;OUTDOOR;63909897957516;(649.1, 97.8, -19.6);None
;102813;VEHICLE;63909908452607;(648.0, 97.8, -24.4);None
827179
;1040214;OUTDOOR;63909797735517;(832.2, 109.2, -685.5);None
;534570;OUTDOOR;63909799259584;(833.1, 109.3, -687.2);None
;40793;OUTDOOR;63909799560572;(832.9, 109.2, -686.3);None
;141674;OUTDOOR;63909803518469;(832.8, 109.3, -688.7);None
;797133;OUTDOOR;63909803821589;(833.0, 109.3, -688.1);None
;288535;OUTDOOR;63909807177459;(833.0, 109.4, -689.6);None
;297216;OUTDOOR;63909807177459;(832.9, 109.2, -686.4);None
;570132;OUTDOOR;63909811446997;(832.9, 109.4, -689.7);None
;499731;OUTDOOR;63909821352024;(832.6, 109.4, -689.6);None
;228402;OUTDOOR;63909828165189;(832.7, 109.4, -689.6);None
;270259;OUTDOOR;63909834668925;(833.0, 109.4, -689.6);None
;688790;OUTDOOR;63909871115568;(832.8, 109.4, -690.0);None
;36761;OUTDOOR;63909884243069;(832.9, 109.4, -689.6);None
;4704;OUTDOOR;63909885163556;(833.1, 109.3, -688.6);None
;1040113;INDOOR;63909980578501;(785.4, 109.0, -683.6);Education
599920
;1046279;INDOOR;63909795605964;(606.8, 127.5, -832.9);Residential
;840097;OUTDOOR;63909884549301;(193.5, 137.2, -858.4);None
;450245;OUTDOOR;63909906584441;(193.5, 137.2, -857.5);None
869589
325794
;322510;INDOOR;63909925013623;(-249.9, 125.6, -264.2);Electricity
780699
;387141;VEHICLE;63909794994389;(-39.2, 139.1, -752.9);None
;457991;VEHICLE;63909795302190;(-39.2, 139.1, -752.9);None
;617222;VEHICLE;63909800476790;(199.9, 136.3, -783.3);None
;222218;VEHICLE;63909805344040;(199.9, 136.3, -783.3);None
;908287;VEHICLE;63909806253328;(-39.2, 139.1, -752.9);None
;437669;VEHICLE;63909807789526;(199.9, 136.3, -783.3);None
;609391;VEHICLE;63909808094629;(-39.2, 139.1, -753.0);None
;978741;VEHICLE;63909817613867;(252.1, 134.3, -909.2);None
;346631;VEHICLE;63909827240837;(-39.2, 139.1, -752.9);None
;662746;VEHICLE;63909828783208;(252.1, 134.3, -909.1);None
;875987;VEHICLE;63909829402517;(-39.2, 139.1, -752.9);None
;358908;VEHICLE;63909830640284;(252.1, 134.3, -909.1);None
;870571;VEHICLE;63909832199595;(-39.3, 139.1, -753.0);None
;20190;VEHICLE;63909833743132;(252.1, 134.3, -909.1);None
;859672;VEHICLE;63909836208422;(-39.2, 139.1, -752.9);None
;406639;VEHICLE;63909845739191;(-39.2, 139.1, -752.9);None
;201493;VEHICLE;63909847883053;(252.1, 134.3, -909.1);None
;994304;VEHICLE;63909853375989;(252.1, 134.3, -909.1);None
;245900;VEHICLE;63909868985196;(828.0, 109.1, -685.5);None
;42028;VEHICLE;63909882421040;(828.0, 109.1, -685.5);None
;770845;INDOOR;63909946430493;(908.6, 74.5, -2.0);Beautification
1047775
;417651;INDOOR;63909915981127;(419.7, 111.1, -89.2);Commercial
;294614;INDOOR;63909940322740;(419.7, 111.1, -89.2);Commercial
235496
;671466;INDOOR;63909805951416;(257.8, 115.4, -467.4);Monument
;826092;INDOOR;63909808707166;(257.8, 115.4, -467.4);Monument
;15561;INDOOR;63909844821043;(170.4, 136.0, -716.9);Commercial
466479
;815006;VEHICLE;63909817613867;(3266.6, 167.6, 8600.0);None
744903
;882902;OUTDOOR;63909807177459;(832.3, 109.2, -684.9);None
;642841;OUTDOOR;63909811446997;(832.5, 109.0, -681.8);None
;629957;OUTDOOR;63909820106612;(832.7, 109.1, -684.1);None
684619
;298353;INDOOR;63909801088731;(759.3, 94.6, -108.2);HealthCare
;208453;INDOOR;63909801699160;(759.3, 94.6, -108.2);HealthCare
424888
;484533;INDOOR;63909816076169;(81.7, 138.8, -712.3);HealthCare
;89934;INDOOR;63909871724081;(606.8, 127.5, -832.9);Residential
13463
;929373;OUTDOOR;63909808707166;(832.8, 109.5, -692.4);None
;317374;OUTDOOR;63909815154363;(832.8, 109.4, -690.6);None
;1012081;OUTDOOR;63909830326620;(832.8, 109.4, -690.1);None
;354064;OUTDOOR;63909834668925;(833.0, 109.4, -689.6);None
607882
;1014625;OUTDOOR;63909799560572;(660.7, 97.9, -17.9);None
;109578;OUTDOOR;63909807789526;(661.4, 97.9, -17.7);None
;835981;OUTDOOR;63909808707166;(661.7, 97.9, -17.1);None
;707606;OUTDOOR;63909814218560;(662.6, 97.9, -17.2);None
;570084;OUTDOOR;63909816076169;(658.3, 97.9, -17.6);None
;326033;OUTDOOR;63909816697634;(660.1, 97.9, -17.9);None
638699
760832
;743961;OUTDOOR;63909882118463;(192.9, 137.2, -865.9);None
284473
586515
;686658;INDOOR;63909820413442;(801.6, 105.6, -598.7);HealthCare
;789628;INDOOR;63909844206686;(801.6, 105.6, -598.7);HealthCare
510946
;1046509;INDOOR;63909802909238;(261.1, 132.5, -667.5);Monument
;708310;INDOOR;63909809015854;(261.1, 132.5, -667.5);Monument
;947966;INDOOR;63909821970757;(261.1, 132.5, -667.5);Monument
;218296;INDOOR;63909866540209;(261.1, 132.5, -667.5);Monument
533357
515093
;10544;VEHICLE;63909799560572;(200.1, 136.1, -774.8);None
;941349;VEHICLE;63909800170288;(200.0, 136.1, -774.8);None
;981497;OUTDOOR;63909804123328;(225.0, 136.5, -917.8);None
;377833;OUTDOOR;63909804733702;(213.6, 137.1, -919.2);None
;441248;OUTDOOR;63909804733702;(215.9, 137.0, -919.1);None
;963506;INDOOR;63909920957549;(-73.4, 138.8, -777.5);Commercial
;473319;INDOOR;63909933298346;(-73.4, 138.8, -777.5);Commercial
;954453;INDOOR;63909983712114;(-73.4, 138.8, -777.5);Commercial
853140
443265
;371998;INDOOR;63909898571622;(-117.3, 138.9, -781.1);Commercial
;76014;INDOOR;63909915663752;(-117.3, 138.9, -781.1);Commercial
;617028;INDOOR;63909915663752;(-117.3, 138.9, -781.1);Commercial
846233
307344
;201750;INDOOR;63909891548093;(-73.4, 138.8, -777.5);Commercial
;706754;INDOOR;63909909715147;(-73.4, 138.8, -777.5);Commercial
;80109;OUTDOOR;63909918478035;(-52.6, 139.0, -759.1);None
944366
;37198;INDOOR;63909954664593;(785.4, 109.0, -683.6);Education
944754
386957
;1013052;OUTDOOR;63909805951416;(764.5, 94.6, -0.3);None
;503485;OUTDOOR;63909812362244;(646.2, 97.8, -20.5);None
;649169;OUTDOOR;63909817613867;(647.3, 97.8, -19.6);None
;430138;OUTDOOR;63909818250981;(646.9, 97.8, -19.7);None
;683566;OUTDOOR;63909819486596;(647.4, 97.8, -19.9);None
;744975;VEHICLE;63909883635892;(356.0, 117.3, -73.0);None
;480035;VEHICLE;63909886385098;(356.0, 117.3, -73.0);None
;354452;OUTDOOR;63909895819791;(234.0, 127.8, -88.7);None
1026709
;899320;INDOOR;63909807789526;(252.7, 126.7, -108.9);Commercial
;941776;INDOOR;63909824750473;(252.7, 126.7, -108.9);Commercial
;796113;INDOOR;63909828783208;(252.7, 126.7, -108.9);Commercial
657907
923184
;920991;OUTDOOR;63909802302062;(644.3, 97.8, -20.1);None
;178360;OUTDOOR;63909807789526;(647.6, 97.8, -19.4);None
;423545;OUTDOOR;63909826015543;(646.6, 97.8, -20.3);None
;497077;OUTDOOR;63909826933026;(647.2, 97.8, -20.0);None
;275323;OUTDOOR;63909829705911;(644.9, 97.8, -20.5);None
;1046568;OUTDOOR;63909882421040;(649.7, 97.8, -19.8);None
919473
;946944;OUTDOOR;63909801088731;(832.6, 108.9, -679.3);None
;330974;OUTDOOR;63909803821589;(832.2, 109.0, -681.8);None
;349740;OUTDOOR;63909807177459;(831.9, 108.9, -679.2);None
;731202;OUTDOOR;63909826326320;(831.9, 108.9, -680.3);None
;204488;OUTDOOR;63909834365447;(832.1, 109.0, -681.5);None
727753
;881980;INDOOR;63909811139903;(-41.6, 143.8, -948.0);PublicTransport
;717848;INDOOR;63909821668671;(-41.6, 143.8, -948.0);PublicTransport
748621
;759797;VEHICLE;63909804428321;(3247.0, 165.7, 8625.7);None
;37284;VEHICLE;63909823516603;(3247.0, 165.7, 8625.7);None
;362856;VEHICLE;63909829402517;(3247.0, 165.7, 8625.7);None
;558599;VEHICLE;63909840237361;(3247.0, 165.7, 8625.7);None
;770164;VEHICLE;63909841151253;(3247.0, 165.7, 8625.7);None
;384677;VEHICLE;63909855511653;(3247.0, 165.7, 8625.7);None
;199492;OUTDOOR;63909878760307;(241.5, 135.3, -915.3);None
;403786;OUTDOOR;63909883022849;(243.2, 135.1, -915.0);None
;832654;OUTDOOR;63909894903625;(239.7, 135.4, -915.9);None
;150667;OUTDOOR;63909919094417;(243.1, 135.1, -914.8);None
56115
;466316;OUTDOOR;63909803518469;(832.7, 109.0, -682.3);None
;993200;OUTDOOR;63909813278618;(832.4, 109.2, -685.8);None
979886
;948001;INDOOR;63909838695339;(561.8, 98.3, -16.9);Residential
;779213;INDOOR;63909914093091;(561.8, 98.3, -16.9);Residential
648358
;296941;OUTDOOR;63909802302062;(652.8, 97.8, -19.2);None
;475378;OUTDOOR;63909805951416;(651.2, 97.8, -18.9);None
375344
;203763;OUTDOOR;63909818863632;(201.8, 118.2, -505.9);None
;773242;OUTDOOR;63909877844219;(202.1, 118.5, -508.5);None
;26327;OUTDOOR;63909887909099;(201.9, 118.8, -511.5);None
597925
;523893;OUTDOOR;63909878760307;(259.4, 133.8, -912.3);None
;592755;OUTDOOR;63909934220792;(257.5, 133.9, -913.4);None
996823
;921018;OUTDOOR;63909803518469;(654.6, 97.9, -18.7);None
;14382;OUTDOOR;63909806253328;(657.6, 97.9, -18.3);None
;556577;OUTDOOR;63909809918554;(658.9, 97.9, -17.9);None
;998662;OUTDOOR;63909810226091;(657.9, 97.9, -18.3);None
;877371;OUTDOOR;63909811139903;(654.9, 97.9, -18.5);None
;839404;OUTDOOR;63909818863632;(656.9, 97.9, -18.6);None
722658
;805643;INDOOR;63909811446997;(46.1, 139.1, -719.3);Commercial
;831881;INDOOR;63909822901882;(46.1, 139.1, -719.3);Commercial
;236514;INDOOR;63909862592662;(267.3, 124.9, -571.6);Monument
;864757;INDOOR;63909929030297;(46.1, 139.1, -719.3);Commercial
920668
;351279;INDOOR;63909819792693;(309.2, 122.2, -107.6);Commercial
;9517;INDOOR;63909822901882;(309.2, 122.2, -107.6);Commercial
;243184;INDOOR;63909833425207;(309.2, 122.2, -107.6);Commercial
293163
;86312;OUTDOOR;63909830011421;(264.9, 125.6, -83.2);None
;518323;INDOOR;63909867459275;(451.3, 107.5, -83.9);Commercial
548492
;655730;OUTDOOR;63909802909238;(833.0, 109.4, -689.6);None
;956447;OUTDOOR;63909804428321;(832.8, 109.4, -689.6);None
;537476;OUTDOOR;63909807177459;(832.6, 109.4, -690.1);None
;662855;OUTDOOR;63909815464659;(832.9, 109.4, -689.6);None
;796704;OUTDOOR;63909819486596;(832.6, 109.4, -689.2);None
;146990;OUTDOOR;63909821352024;(833.0, 109.4, -689.6);None
;106201;OUTDOOR;63909826933026;(832.9, 109.2, -685.1);None
;383680;VEHICLE;63909916609718;(197.8, 137.1, -872.4);None
;979105;VEHICLE;63909918478035;(197.8, 137.1, -872.4);None
;348985;OUTDOOR;63909952222079;(424.0, 125.4, -877.6);None
787665
;835673;OUTDOOR;63909805951416;(208.4, 123.9, -224.0);None
;815392;OUTDOOR;63909807482319;(208.3, 123.9, -224.4);None
;796759;OUTDOOR;63909807789526;(208.4, 123.9, -225.0);None
;92730;OUTDOOR;63909811755419;(208.4, 123.8, -225.5);None
;951677;OUTDOOR;63909812362244;(208.9, 123.8, -226.9);None
;824364;OUTDOOR;63909817613867;(208.7, 123.8, -226.5);None
;752016;OUTDOOR;63909821668671;(208.3, 123.9, -223.7);None
;736742;OUTDOOR;63909831570459;(208.5, 123.8, -226.1);None
;611255;OUTDOOR;63909834046463;(208.9, 123.8, -226.9);None
;204225;OUTDOOR;63909839933402;(208.9, 123.8, -225.9);None
;865563;OUTDOOR;63909865929052;(208.0, 123.9, -224.8);None
524215
;467001;INDOOR;63909825065400;(-144.3, 119.5, -471.6);HealthCare
;512144;INDOOR;63909827240837;(-144.3, 119.5, -471.6);HealthCare
;108093;INDOOR;63909847574868;(-144.3, 119.5, -471.6);HealthCare
;888778;INDOOR;63909874175440;(-144.3, 119.5, -471.6);HealthCare
;338238;INDOOR;63909877844219;(-144.3, 119.5, -471.6);HealthCare
;853456;INDOOR;63909886997423;(-144.3, 119.5, -471.6);HealthCare
;974840;INDOOR;63909894600091;(-144.3, 119.5, -471.6);HealthCare
888464
;412585;OUTDOOR;63909806866541;(642.9, 97.8, -20.7);None
;277601;OUTDOOR;63909807789526;(645.2, 97.8, -20.2);None
;567864;OUTDOOR;63909811139903;(645.2, 97.8, -20.1);None
;99659;OUTDOOR;63909825381663;(644.9, 97.8, -20.2);None
;797694;OUTDOOR;63909836208422;(643.2, 97.8, -21.0);None
;373853;OUTDOOR;63909879672337;(644.2, 97.8, -20.6);None
874271
;914041;OUTDOOR;63909835585320;(195.7, 136.1, -774.0);None
;73173;OUTDOOR;63909856428285;(195.3, 136.1, -774.9);None
;377477;OUTDOOR;63909860741428;(195.3, 136.2, -775.9);None
;752631;OUTDOOR;63909886688669;(195.4, 136.2, -777.8);None
;317195;OUTDOOR;63909940322740;(195.0, 136.3, -779.1);None
;827969;OUTDOOR;63909950692297;(195.0, 136.3, -779.1);None
919926
986365
;631744;INDOOR;63909823516603;(751.1, 95.9, -34.0);Residential
;988179;INDOOR;63909823831319;(751.1, 95.9, -34.0);Residential
849229
;992726;OUTDOOR;63909858862590;(819.7, 112.7, -820.3);None
;990890;OUTDOOR;63909892772269;(832.9, 109.7, -696.6);None
;277256;OUTDOOR;63909936044357;(833.4, 109.7, -696.5);None
659798
;915634;OUTDOOR;63909808094629;(649.9, 97.8, -19.2);None
;1032350;OUTDOOR;63909809617472;(654.6, 97.9, -19.0);None
;379089;OUTDOOR;63909821032286;(651.6, 97.8, -19.5);None
;93538;OUTDOOR;63909840844819;(651.6, 97.8, -19.5);None
;1030309;OUTDOOR;63909854900074;(650.4, 97.8, -19.0);None
449383
553951
;569105;OUTDOOR;63909808094629;(192.8, 137.2, -874.4);None
;647967;OUTDOOR;63909816388347;(192.9, 137.2, -874.2);None
;447749;OUTDOOR;63909825065400;(193.8, 137.2, -870.7);None
;786778;OUTDOOR;63909885773401;(192.9, 137.2, -871.7);None
;801867;OUTDOOR;63909924089614;(207.0, 137.1, -888.2);None
825824
;689442;OUTDOOR;63909815154363;(-869.6, 134.7, -584.0);None
;710884;OUTDOOR;63909828783208;(-870.1, 134.6, -581.8);None
;886179;VEHICLE;63909833743132;(198.0, 137.2, -863.8);None
;207713;VEHICLE;63909836522600;(-873.9, 134.9, -603.3);None
;32548;VEHICLE;63909837451658;(-430.3, 143.8, -780.9);None
;937925;VEHICLE;63909837769046;(-873.9, 134.9, -603.5);None
;517122;VEHICLE;63909845131171;(-873.9, 134.9, -603.5);None
;566637;VEHICLE;63909871724081;(-202.6, 138.0, -134.0);None
;504159;VEHICLE;63909882721750;(-202.3, 138.0, -133.8);None
;636106;VEHICLE;63909901022565;(-873.9, 134.9, -603.5);None
;44659;VEHICLE;63909907516965;(-189.1, 119.3, -421.5);None
;622638;VEHICLE;63909913145544;(200.1, 136.1, -774.7);None
169405
;829696;OUTDOOR;63909806866541;(242.4, 135.2, -915.4);None
;205944;VEHICLE;63909812972435;(243.6, 135.0, -910.3);None
;339971;VEHICLE;63909813278618;(243.6, 135.0, -910.3);None
;766950;VEHICLE;63909817309099;(-47.8, 139.0, -753.6);None
;416738;VEHICLE;63909817935948;(243.6, 135.0, -910.3);None
;164355;VEHICLE;63909819792693;(-47.8, 139.0, -753.6);None
;118498;VEHICLE;63909824750473;(-47.8, 139.0, -753.7);None
;170000;VEHICLE;63909827853146;(200.2, 136.1, -774.8);None
;722170;VEHICLE;63909828165189;(243.6, 135.0, -910.3);None
;346480;VEHICLE;63909839614907;(243.6, 135.0, -910.3);None
829510
275217
;1047612;OUTDOOR;63909917541018;(695.4, 124.3, -851.8);None
84158
;163945;OUTDOOR;63909822591241;(-866.3, 138.3, -765.3);None
;903247;VEHICLE;63909824450348;(356.0, 117.3, -73.0);None
;284254;VEHICLE;63909827240837;(197.8, 137.1, -872.4);None
;767991;VEHICLE;63909837135105;(-874.1, 134.7, -594.9);None
;907787;VEHICLE;63909838695339;(-438.9, 143.7, -781.6);None
;406688;VEHICLE;63909840237361;(-874.1, 134.7, -594.9);None
;400783;VEHICLE;63909853982711;(828.0, 109.1, -685.5);None
;2962;VEHICLE;63909856428285;(-879.2, 139.8, -295.8);None
;1006324;VEHICLE;63909861964048;(-874.0, 134.7, -594.8);None
;778712;VEHICLE;63909864720849;(-871.2, 138.3, -766.6);None
;54984;VEHICLE;63909866540209;(-871.2, 138.3, -766.6);None
;862234;VEHICLE;63909883940131;(-874.0, 134.7, -594.8);None
;748166;VEHICLE;63909892159189;(-201.9, 137.5, -142.4);None
;618200;VEHICLE;63909898265517;(-874.1, 134.7, -594.9);None
;482291;VEHICLE;63909907832993;(199.9, 136.3, -783.3);None
;660570;VEHICLE;63909908452607;(199.9, 136.3, -783.4);None
;80273;VEHICLE;63909916925882;(199.9, 136.3, -783.3);None
863954
155059
111802
;782172;OUTDOOR;63909808402036;(651.6, 97.8, -19.5);None
;823247;OUTDOOR;63909811755419;(647.8, 97.8, -20.2);None
;673138;OUTDOOR;63909816388347;(647.3, 97.8, -19.6);None
;413221;OUTDOOR;63909876614216;(731.6, 96.7, -5.7);None
;965994;INDOOR;63909915028796;(751.1, 95.9, -34.0);Residential
210591
;107950;OUTDOOR;63909806560406;(824.6, 101.8, -504.5);None
;422105;OUTDOOR;63909816388347;(824.1, 101.9, -506.0);None
;887777;VEHICLE;63909872333671;(807.1, 91.5, -226.0);None
650092
;216433;VEHICLE;63909808094629;(252.1, 134.3, -909.2);None
;672889;VEHICLE;63909808094629;(199.9, 136.3, -783.3);None
;682355;VEHICLE;63909809015854;(199.9, 136.3, -783.3);None
;560255;VEHICLE;63909809617472;(-871.1, 138.3, -766.7);None
;180299;VEHICLE;63909809918554;(-871.2, 138.3, -766.6);None
;801168;VEHICLE;63909810226091;(-871.2, 138.3, -766.6);None
;958668;VEHICLE;63909814531715;(199.9, 136.3, -783.3);None
;152323;VEHICLE;63909815154363;(199.9, 136.3, -783.3);None
;827921;VEHICLE;63909817613867;(-871.1, 138.3, -766.6);None
;347023;VEHICLE;63909818250981;(252.1, 134.3, -909.2);None
;810388;VEHICLE;63909818250981;(519.5, 127.5, -871.7);None
;112612;VEHICLE;63909818863632;(252.1, 134.3, -909.2);None
165333
67875
;253036;INDOOR;63909809317340;(835.3, 89.9, 20.3);Commercial
;691312;INDOOR;63909811755419;(835.3, 89.9, 20.3);Commercial
;624167;INDOOR;63909813278618;(835.3, 89.9, 20.3);Commercial
150152
;415700;OUTDOOR;63909809015854;(248.0, 134.7, -914.5);None
;910770;OUTDOOR;63909809317340;(248.3, 134.7, -914.4);None
;997988;OUTDOOR;63909812057863;(250.5, 134.5, -914.5);None
;599685;OUTDOOR;63909820413442;(248.3, 134.7, -914.4);None
;1015288;OUTDOOR;63909820728156;(251.1, 134.5, -913.8);None
;808466;OUTDOOR;63909821668671;(247.2, 134.8, -914.4);None
;975643;OUTDOOR;63909824450348;(249.4, 134.6, -914.3);None
;20630;OUTDOOR;63909828465518;(249.7, 134.6, -914.0);None
;416774;OUTDOOR;63909834365447;(248.3, 134.7, -914.4);None
;1022716;OUTDOOR;63909846047899;(248.3, 134.7, -914.4);None
;285249;OUTDOOR;63909857641176;(249.5, 134.6, -913.7);None
;38151;OUTDOOR;63909864113031;(248.3, 134.7, -914.4);None
;163642;OUTDOOR;63909885773401;(251.1, 134.5, -913.8);None
;944160;OUTDOOR;63909892772269;(247.9, 134.7, -914.3);None
;351757;OUTDOOR;63909896727082;(246.3, 134.9, -914.3);None
;101814;OUTDOOR;63909926253964;(248.3, 134.7, -914.4);None
;744869;OUTDOOR;63909939102888;(249.7, 134.6, -914.4);None
224585
;259770;INDOOR;63909848793148;(-73.4, 138.8, -777.5);Commercial
;784913;INDOOR;63909856120644;(-73.4, 138.8, -777.5);Commercial
;159253;INDOOR;63909869285851;(-73.4, 138.8, -777.5);Commercial
;34264;OUTDOOR;63909968370253;(-48.6, 139.1, -758.8);None
748566
940987
;891356;OUTDOOR;63909950090071;(832.1, 109.2, -685.1);None
474665
;371310;OUTDOOR;63909878760307;(240.2, 135.4, -915.6);None
;28318;OUTDOOR;63909882421040;(238.7, 135.5, -915.4);None
;30413;OUTDOOR;63909885163556;(238.6, 135.5, -916.0);None
;494843;OUTDOOR;63909962876432;(241.0, 135.3, -915.0);None
61887
125389
;474172;OUTDOOR;63909827853146;(196.1, 136.0, -768.6);None
;68688;OUTDOOR;63909846047899;(195.6, 136.0, -769.9);None
;816381;OUTDOOR;63909850932948;(196.1, 136.0, -768.8);None
;148686;OUTDOOR;63909871115568;(195.4, 136.0, -768.7);None
;76470;OUTDOOR;63909881510991;(195.1, 136.1, -771.8);None
109143
;107324;OUTDOOR;63909809015854;(832.5, 109.3, -687.5);None
;887067;OUTDOOR;63909810832621;(832.5, 109.2, -686.7);None
;332440;OUTDOOR;63909861350007;(832.5, 109.4, -689.5);None
465339
;943437;OUTDOOR;63909808707166;(654.9, 97.9, -18.6);None
;997120;OUTDOOR;63909809617472;(654.5, 97.9, -18.3);None
;974209;OUTDOOR;63909834046463;(653.7, 97.8, -19.2);None
849448
;637284;OUTDOOR;63909809317340;(253.8, 134.2, -913.3);None
;756721;OUTDOOR;63909811446997;(256.7, 134.0, -913.5);None
;709027;OUTDOOR;63909812972435;(255.3, 134.1, -913.1);None
;537217;OUTDOOR;63909814218560;(256.9, 134.0, -913.5);None
;447673;OUTDOOR;63909814833589;(255.4, 134.1, -913.1);None
;282463;OUTDOOR;63909816076169;(254.5, 134.2, -913.1);None
;391062;OUTDOOR;63909816697634;(256.5, 134.0, -913.6);None
;52904;OUTDOOR;63909817005165;(257.4, 133.9, -912.6);None
;220106;OUTDOOR;63909817005165;(257.3, 134.0, -913.3);None
;967484;OUTDOOR;63909818863632;(255.0, 134.1, -913.9);None
;469416;OUTDOOR;63909819792693;(255.4, 134.1, -913.1);None
;60220;OUTDOOR;63909821970757;(254.3, 134.2, -913.7);None
;590317;OUTDOOR;63909826629711;(256.9, 134.0, -912.7);None
;942425;OUTDOOR;63909830011421;(257.1, 134.0, -913.1);None
;590862;OUTDOOR;63909836208422;(256.7, 134.0, -913.3);None
;24046;OUTDOOR;63909839004909;(258.1, 133.9, -913.3);None
;192000;OUTDOOR;63909839313475;(253.9, 134.2, -913.4);None
;617665;OUTDOOR;63909846657260;(258.5, 133.8, -912.6);None
;638131;OUTDOOR;63909861048795;(255.1, 134.1, -913.8);None
;323738;OUTDOOR;63909890941337;(254.4, 134.2, -913.4);None
;36904;OUTDOOR;63909894903625;(253.5, 134.3, -914.1);None
;427220;OUTDOOR;63909902588546;(255.4, 134.1, -913.2);None
1048294
;882383;OUTDOOR;63909827240837;(661.0, 97.9, -17.5);None
;912313;OUTDOOR;63909879063001;(660.8, 97.9, -17.6);None
;714279;OUTDOOR;63909882721750;(660.5, 97.9, -18.2);None
;954079;INDOOR;63909971421499;(751.1, 95.9, -34.0);Residential
370976
;489369;OUTDOOR;63909870207704;(654.7, 97.9, -18.2);None
276071
;891626;OUTDOOR;63909826015543;(699.5, 97.9, -25.2);None
635428
;633619;INDOOR;63909858862590;(579.0, 128.0, -836.7);Residential
248678
;190748;INDOOR;63909917541018;(-913.7, 138.0, -757.0);PublicTransport
;603533;INDOOR;63909940019968;(-913.7, 138.0, -757.0);PublicTransport
73935
;161110;OUTDOOR;63909961360050;(824.0, 101.5, -498.4);None
1004007
699008
;285375;OUTDOOR;63909865628730;(522.7, 127.7, -876.2);None
;781033;VEHICLE;63909948553385;(701.7, 123.8, -846.2);None
585337
;364940;OUTDOOR;63909811755419;(661.7, 97.9, -17.9);None
;15440;OUTDOOR;63909815464659;(662.7, 97.9, -17.5);None
;164564;OUTDOOR;63909823202861;(660.2, 97.9, -18.2);None
;910834;OUTDOOR;63909852460534;(671.7, 97.9, -30.2);None
546129
79426
;490582;OUTDOOR;63909839933402;(209.3, 135.8, -763.8);None
;915135;INDOOR;63909861656932;(81.7, 138.8, -712.3);HealthCare
;919901;OUTDOOR;63909888824135;(193.6, 137.2, -863.3);None
987896
;1041478;OUTDOOR;63909816697634;(201.4, 118.0, -503.2);None
;362692;OUTDOOR;63909825700745;(201.7, 118.2, -505.3);None
;525186;OUTDOOR;63909846966440;(202.0, 118.0, -503.4);None
;246278;OUTDOOR;63909853678675;(201.7, 118.2, -505.9);None
;793875;OUTDOOR;63909963180921;(201.5, 117.8, -501.8);None
910796
;134359;OUTDOOR;63909819486596;(824.5, 101.5, -497.4);None
;1041769;OUTDOOR;63909821970757;(823.7, 101.4, -496.0);None
;893006;OUTDOOR;63909825381663;(823.9, 101.4, -496.1);None
;235263;OUTDOOR;63909944904289;(824.8, 102.1, -509.7);None
513045
;276624;INDOOR;63909812057863;(654.3, 126.1, -826.2);Residential
;267950;INDOOR;63909820106612;(654.3, 126.1, -826.2);Residential
;375693;INDOOR;63909854900074;(654.3, 126.1, -826.2);Residential
844169
275725
;326931;OUTDOOR;63909863509234;(660.9, 97.9, -17.2);None
;992598;OUTDOOR;63909866232443;(661.6, 97.9, -17.3);None
763730
;459873;OUTDOOR;63909812362244;(208.3, 123.1, -238.2);None
;822226;OUTDOOR;63909818552001;(207.9, 123.0, -239.8);None
;980626;OUTDOOR;63909820728156;(208.3, 122.9, -240.7);None
;30218;OUTDOOR;63909821970757;(208.7, 123.2, -235.5);None
;463770;OUTDOOR;63909842688462;(208.4, 122.9, -240.3);None
;271969;OUTDOOR;63909847272211;(208.3, 123.2, -236.0);None
;1038750;OUTDOOR;63909854594941;(208.4, 123.0, -239.8);None
;471426;OUTDOOR;63909869285851;(208.3, 123.2, -236.3);None
;901891;OUTDOOR;63909882421040;(208.4, 123.0, -239.2);None
;753034;OUTDOOR;63909899789060;(208.3, 123.2, -235.4);None
;900396;OUTDOOR;63909906584441;(208.5, 123.1, -237.6);None
;973748;VEHICLE;63909932693353;(212.8, 123.0, -238.4);None
122219
;715313;OUTDOOR;63909814531715;(247.6, 134.8, -914.5);None
;705498;OUTDOOR;63909814833589;(248.3, 134.7, -914.4);None
;942295;OUTDOOR;63909817309099;(242.7, 135.2, -914.7);None
;819169;OUTDOOR;63909818863632;(242.9, 135.1, -914.9);None
;675910;OUTDOOR;63909820413442;(245.3, 135.0, -915.2);None
;1017409;OUTDOOR;63909824450348;(245.3, 135.0, -914.6);None
;932837;OUTDOOR;63909825065400;(246.1, 134.9, -914.7);None
;582598;OUTDOOR;63909828165189;(245.0, 135.0, -915.3);None
;1032526;OUTDOOR;63909841762919;(242.6, 135.2, -915.3);None
;698355;OUTDOOR;63909844821043;(246.2, 134.9, -914.8);None
;170972;OUTDOOR;63909855206973;(245.4, 134.9, -914.4);None
;606278;INDOOR;63909866540209;(175.8, 138.8, -889.6);Residential
;905537;VEHICLE;63909939409267;(-36.6, 143.7, -961.6);None
41655
;804622;INDOOR;63909813585610;(277.7, 124.9, -112.8);Commercial
;462866;INDOOR;63909816388347;(277.7, 124.9, -112.8);Commercial
;68675;INDOOR;63909818250981;(277.7, 124.9, -112.8);Commercial
;95395;INDOOR;63909818863632;(277.7, 124.9, -112.8);Commercial
;533626;INDOOR;63909819486596;(277.7, 124.9, -112.8);Commercial
;1020068;INDOOR;63909823516603;(277.7, 124.9, -112.8);Commercial
;318650;INDOOR;63909829098783;(277.7, 124.9, -112.8);Commercial
;442368;OUTDOOR;63909879980554;(250.9, 126.9, -99.8);None
;325608;INDOOR;63909907832993;(557.8, 98.7, -66.2);Commercial
;453807;INDOOR;63909974782283;(252.7, 126.7, -108.9);Commercial
818309
222759
662310
;187866;OUTDOOR;63909820728156;(202.4, 117.5, -498.0);None
;523623;OUTDOOR;63909826326320;(202.4, 117.4, -496.7);None
;1034190;OUTDOOR;63909832803055;(202.0, 117.5, -497.9);None
;274946;OUTDOOR;63909865929052;(202.5, 117.4, -496.7);None
;148731;OUTDOOR;63909866232443;(202.0, 117.3, -496.1);None
681679
;133991;INDOOR;63909844515915;(388.1, 114.4, -94.4);Commercial
;748521;INDOOR;63909858554887;(388.1, 114.4, -94.4);Commercial
;877777;OUTDOOR;63909886082011;(208.7, 123.3, -234.0);None
561652
;297391;OUTDOOR;63909819792693;(832.1, 109.2, -685.5);None
;257826;OUTDOOR;63909860131683;(832.6, 109.3, -688.6);None
;778337;INDOOR;63909965623883;(785.4, 109.0, -683.6);Education
292404
;188471;INDOOR;63909825700745;(419.3, 125.7, -907.6);Residential
319766
;62192;INDOOR;63909835585320;(-117.3, 138.9, -781.1);Commercial
;477907;INDOOR;63909841762919;(-117.3, 138.9, -781.1);Commercial
;482774;OUTDOOR;63909861656932;(-45.6, 139.1, -758.2);None
;495809;OUTDOOR;63909889125473;(-42.6, 139.1, -757.6);None
385064
190700
68435
476533
;509082;INDOOR;63909819177177;(759.3, 94.6, -108.2);HealthCare
;72755;INDOOR;63909863810957;(759.3, 94.6, -108.2);HealthCare
;930971;INDOOR;63909868376092;(759.3, 94.6, -108.2);HealthCare
;897050;INDOOR;63909935133366;(759.3, 94.6, -108.2);HealthCare
452207
544539
;996609;INDOOR;63909821352024;(795.6, 104.0, -555.0);PoliceDepartment
;380892;OUTDOOR;63909828783208;(816.1, 106.6, -625.6);None
;902083;INDOOR;63909888824135;(795.6, 104.0, -555.0);PoliceDepartment
;820703;INDOOR;63909957097523;(795.6, 104.0, -555.0);PoliceDepartment
961271
;610250;OUTDOOR;63909819177177;(-35.1, 139.2, -757.1);None
;275509;OUTDOOR;63909830011421;(-34.8, 139.2, -756.7);None
;394894;OUTDOOR;63909833109399;(-35.1, 139.2, -757.6);None
;389835;OUTDOOR;63909836208422;(-36.5, 139.2, -757.3);None
;582742;OUTDOOR;63909839313475;(-35.4, 139.2, -757.7);None
;653473;OUTDOOR;63909851847330;(-35.8, 139.2, -757.7);None
;294795;OUTDOOR;63909864414342;(-31.9, 139.2, -756.8);None
;345134;OUTDOOR;63909923778042;(-32.9, 139.2, -756.6);None
133406
821098
;562391;OUTDOOR;63909830944551;(832.1, 109.2, -685.5);None
;505290;OUTDOOR;63909888824135;(833.1, 109.2, -686.1);None
;80912;OUTDOOR;63909902271146;(832.7, 109.2, -685.3);None
;732043;OUTDOOR;63909911272799;(832.6, 109.2, -685.2);None
993968
;159807;OUTDOOR;63909818552001;(202.2, 118.5, -509.2);None
;549832;OUTDOOR;63909821032286;(201.5, 118.3, -506.7);None
;589161;OUTDOOR;63909867764891;(201.7, 118.4, -508.3);None
;629157;OUTDOOR;63909894600091;(202.2, 118.2, -505.2);None
396861
;892996;OUTDOOR;63909961971142;(785.0, 93.9, -12.9);None
475047
;33647;OUTDOOR;63909829705911;(832.9, 109.4, -690.6);None
;498567;VEHICLE;63909856120644;(200.1, 136.1, -774.8);None
407075
;716927;INDOOR;63909947339557;(-73.4, 138.8, -777.5);Commercial
;512161;INDOOR;63909949465601;(-73.4, 138.8, -777.5);Commercial
369021
;129026;OUTDOOR;63909815772677;(241.4, 135.3, -915.7);None
;172733;OUTDOOR;63909826629711;(242.0, 135.2, -914.8);None
;112759;OUTDOOR;63909829098783;(240.6, 135.3, -915.8);None
;426241;OUTDOOR;63909837769046;(243.3, 135.1, -915.4);None
;454372;OUTDOOR;63909843905791;(242.7, 135.2, -915.4);None
;580917;OUTDOOR;63909847883053;(240.7, 135.3, -915.0);None
;195373;OUTDOOR;63909849397592;(240.9, 135.3, -914.9);None
;329435;OUTDOOR;63909873560661;(242.6, 135.2, -915.5);None
;731040;OUTDOOR;63909874485317;(241.2, 135.3, -915.3);None
;8706;OUTDOOR;63909877844219;(238.9, 135.5, -915.4);None
;429023;OUTDOOR;63909877844219;(241.9, 135.2, -915.5);None
;47624;OUTDOOR;63909895514232;(242.2, 135.2, -915.6);None
;474174;OUTDOOR;63909903804930;(242.9, 135.2, -915.5);None
465925
;755796;OUTDOOR;63909819792693;(832.8, 109.1, -683.3);None
;717122;OUTDOOR;63909820413442;(833.0, 109.3, -688.2);None
81551
;384503;OUTDOOR;63909819486596;(832.8, 109.0, -680.9);None
647642
448242
;836131;VEHICLE;63909967145191;(-871.2, 138.3, -766.6);None
;655792;VEHICLE;63909984578838;(-879.2, 139.8, -295.8);None
164694
;535272;INDOOR;63909876924819;(740.2, 121.6, -862.7);Residential
701023
;569733;OUTDOOR;63909817005165;(832.8, 109.1, -684.3);None
593566
;164050;OUTDOOR;63909852767253;(655.3, 97.9, -18.6);None
;352158;INDOOR;63909944599574;(773.5, 94.3, -22.2);Residential
;847043;INDOOR;63909982412607;(773.5, 94.3, -22.2);Residential
750748
;631282;OUTDOOR;63909883328867;(193.1, 137.2, -868.6);None
61933
;338706;OUTDOOR;63909889429518;(833.0, 109.8, -699.0);None
;672687;OUTDOOR;63909891245424;(832.9, 109.8, -698.0);None
;1029647;OUTDOOR;63909891849979;(833.4, 109.7, -697.1);None
;655282;OUTDOOR;63909942152464;(833.2, 109.8, -699.8);None
345342
;12759;OUTDOOR;63909838695339;(824.9, 102.2, -512.1);None
;773925;OUTDOOR;63909848183539;(824.3, 102.1, -510.7);None
;390553;VEHICLE;63909857641176;(200.1, 136.1, -774.8);None
186779
200256
529945
291157
;95108;VEHICLE;63909893990169;(212.8, 123.0, -238.4);None
;377514;VEHICLE;63909894600091;(206.4, 118.6, -510.3);None
;398480;VEHICLE;63909902588546;(202.2, 133.9, -688.8);None
329810
;338288;INDOOR;63909826933026;(751.1, 95.4, 14.7);Residential
;468698;VEHICLE;63909880592593;(356.0, 117.3, -73.0);None
;643146;VEHICLE;63909880901932;(356.0, 117.3, -73.0);None
;902658;VEHICLE;63909882421040;(356.0, 117.3, -73.0);None
;59284;VEHICLE;63909883328867;(356.1, 117.3, -73.0);None
919540
;327189;OUTDOOR;63909824146341;(824.5, 101.5, -497.3);None
;351377;OUTDOOR;63909830326620;(823.7, 101.4, -495.9);None
;143502;INDOOR;63909850932948;(837.2, 97.8, -412.9);Residential
128509
;755299;INDOOR;63909840541715;(257.8, 115.4, -467.4);Monument
;626086;INDOOR;63909886997423;(688.0, 98.0, -44.5);Residential
731823
;100946;VEHICLE;63909821032286;(243.6, 135.0, -910.3);None
;24953;VEHICLE;63909846966440;(243.6, 135.0, -910.4);None
;990638;VEHICLE;63909859210135;(693.2, 124.3, -847.4);None
;377835;VEHICLE;63909872032392;(828.4, 109.5, -694.1);None
311518
;108081;VEHICLE;63909882118463;(355.9, 117.3, -72.9);None
863173
739852
;880333;OUTDOOR;63909843301915;(824.3, 101.9, -505.8);None
;1047827;VEHICLE;63909864113031;(807.1, 91.5, -226.0);None
;636138;VEHICLE;63909868066712;(807.1, 91.5, -226.0);None
;540989;VEHICLE;63909868376092;(807.1, 91.5, -226.1);None
399915
;192511;OUTDOOR;63909835887778;(824.4, 101.8, -504.7);None
;423321;OUTDOOR;63909847883053;(824.6, 101.7, -501.1);None
;430223;VEHICLE;63909879063001;(820.2, 102.0, -510.2);None
924126
834163
;33993;INDOOR;63909832803055;(240.5, 126.0, -182.9);Residential
;678661;INDOOR;63909841762919;(240.5, 126.0, -182.9);Residential
691199
972197
;888838;OUTDOOR;63909822287223;(833.0, 109.4, -690.6);None
;140643;OUTDOOR;63909839614907;(832.8, 109.5, -692.3);None
775179
;668664;OUTDOOR;63909841151253;(208.6, 123.2, -235.9);None
;157361;OUTDOOR;63909859825673;(208.0, 123.2, -236.8);None
;737008;OUTDOOR;63909867150006;(208.6, 123.5, -230.5);None
574226
160736
;910057;INDOOR;63909851847330;(674.1, 125.2, -823.4);Residential
781395
153094
669121
;94090;INDOOR;63909879371987;(129.8, 137.7, -712.3);Commercial
;438603;INDOOR;63909906584441;(-73.4, 138.8, -777.5);Commercial
757343
;637196;OUTDOOR;63909821668671;(251.9, 134.4, -914.1);None
;506505;OUTDOOR;63909823202861;(251.0, 134.5, -913.6);None
;186758;OUTDOOR;63909830640284;(248.8, 134.7, -914.1);None
;635191;OUTDOOR;63909838391952;(251.5, 134.4, -913.9);None
;808726;OUTDOOR;63909855511653;(251.8, 134.4, -913.5);None
;649905;OUTDOOR;63909861656932;(254.4, 134.2, -913.3);None
;196348;OUTDOOR;63909893385041;(250.3, 134.5, -913.8);None
752834
;959876;VEHICLE;63909821352024;(-47.8, 139.0, -753.6);None
;927370;VEHICLE;63909821668671;(-47.8, 139.0, -753.6);None
;73438;VEHICLE;63909823516603;(-47.8, 139.0, -753.6);None
;843803;VEHICLE;63909824146341;(200.1, 136.1, -774.8);None
;925031;VEHICLE;63909828783208;(200.1, 136.1, -774.8);None
795346
;4956;OUTDOOR;63909833743132;(651.6, 97.8, -19.6);None
39919
364645
899031
855049
890741
;695068;INDOOR;63909822901882;(388.1, 114.4, -94.4);Commercial
481367
;1030695;INDOOR;63909908452607;(-117.3, 138.9, -781.1);Commercial
318130
463327
626956
3756
;293434;OUTDOOR;63909823516603;(208.2, 123.6, -228.7);None
;326161;OUTDOOR;63909831262621;(208.9, 123.6, -229.3);None
;927391;OUTDOOR;63909834046463;(208.2, 123.5, -230.8);None
;620144;OUTDOOR;63909834365447;(207.9, 123.6, -230.0);None
;285666;OUTDOOR;63909835887778;(208.4, 123.6, -229.7);None
;949301;OUTDOOR;63909838083849;(208.1, 123.6, -228.8);None
;388504;OUTDOOR;63909847574868;(208.3, 123.7, -227.9);None
;594417;OUTDOOR;63909848793148;(208.5, 123.8, -226.5);None
;660518;OUTDOOR;63909851847330;(209.0, 123.8, -226.0);None
;318191;OUTDOOR;63909854594941;(208.8, 123.7, -227.8);None
;483752;OUTDOOR;63909862273160;(208.3, 123.8, -226.7);None
;806136;OUTDOOR;63909878151722;(208.1, 123.8, -226.2);None
;342985;OUTDOOR;63909880901932;(208.8, 123.5, -230.8);None
;89044;OUTDOOR;63909889125473;(208.2, 123.6, -230.1);None
802047
;250727;INDOOR;63909830944551;(309.2, 122.2, -107.6);Commercial
;535258;OUTDOOR;63909849095351;(366.3, 116.2, -66.6);None
265480
263407
975704
;387639;OUTDOOR;63909838391952;(825.1, 102.2, -512.9);None
;338403;VEHICLE;63909867764891;(807.5, 91.4, -234.7);None
;509132;OUTDOOR;63909940926233;(824.6, 101.6, -499.8);None
918415
;98343;OUTDOOR;63909825700745;(208.7, 123.9, -224.7);None
;731831;OUTDOOR;63909828465518;(208.3, 123.9, -225.3);None
;621643;INDOOR;63909883635892;(277.7, 124.9, -112.8);Commercial
4984
;318763;OUTDOOR;63909895514232;(832.9, 109.2, -685.9);None
;245547;OUTDOOR;63909959231368;(832.2, 109.1, -682.7);None
991673
;51751;OUTDOOR;63909872640923;(646.5, 97.8, -21.7);None
;256282;VEHICLE;63909938489594;(208.4, 123.1, -237.8);None
63157
;818170;OUTDOOR;63909843604714;(812.6, 91.5, -236.9);None
;842596;OUTDOOR;63909959537902;(812.3, 91.5, -231.8);None
666562
;394089;INDOOR;63909827853146;(81.7, 138.8, -712.3);HealthCare
389111
;849194;INDOOR;63909836522600;(224.3, 137.2, -870.7);Residential
1000865
;1003726;INDOOR;63909861656932;(674.1, 125.2, -823.4);Residential
550172
;523368;VEHICLE;63909947640602;(510.9, 127.4, -872.9);None
460194
;275257;OUTDOOR;63909856120644;(202.1, 117.3, -495.8);None
;912775;OUTDOOR;63909866232443;(202.3, 117.6, -499.0);None
817446
;55473;OUTDOOR;63909842385351;(195.6, 136.6, -790.6);None
;491212;OUTDOOR;63909865327531;(195.4, 136.5, -786.4);None
;812211;OUTDOOR;63909891245424;(195.0, 136.5, -786.3);None
;757857;VEHICLE;63909905657608;(200.1, 136.1, -774.7);None
;24209;VEHICLE;63909906280739;(-47.8, 139.0, -753.6);None
;438159;VEHICLE;63909906886699;(200.1, 136.1, -774.7);None
;614373;VEHICLE;63909907516965;(200.1, 136.1, -774.7);None
;911036;VEHICLE;63909910649980;(-873.9, 134.9, -603.5);None
;704969;VEHICLE;63909912210282;(200.1, 136.1, -774.8);None
814664
728626
524273
;371122;INDOOR;63909853375989;(239.9, 124.9, -206.9);Residential
;974779;OUTDOOR;63909872032392;(208.8, 123.5, -230.5);None
166003
;472666;INDOOR;63909827542186;(267.3, 124.9, -571.6);Monument
;376101;INDOOR;63909834982148;(267.3, 124.9, -571.6);Monument
;178943;INDOOR;63909836826207;(267.3, 124.9, -571.6);Monument
;895587;OUTDOOR;63909968059079;(195.1, 136.3, -780.4);None
;234914;OUTDOOR;63909978757817;(195.5, 136.3, -781.8);None
;903587;OUTDOOR;63909981805801;(195.2, 136.3, -780.1);None
1005176
;298789;OUTDOOR;63909925324582;(195.5, 136.2, -776.2);None
;877652;OUTDOOR;63909945209278;(195.1, 136.1, -774.4);None
1006145
442117
493638
;309997;INDOOR;63909829402517;(190.3, 120.8, -273.7);Residential
286914
;353541;OUTDOOR;63909828165189;(208.1, 122.9, -240.8);None
;396342;OUTDOOR;63909834668925;(208.2, 122.9, -241.4);None
;714756;OUTDOOR;63909835585320;(208.1, 122.8, -242.0);None
;751281;OUTDOOR;63909843604714;(208.4, 122.7, -244.2);None
;820265;OUTDOOR;63909850624461;(208.2, 122.8, -243.3);None
;968589;OUTDOOR;63909855818219;(207.8, 122.8, -242.1);None
331190
604282
1043476
830913
;485968;VEHICLE;63909839614907;(252.1, 134.3, -909.2);None
707611
;2402;OUTDOOR;63909879371987;(193.6, 137.2, -864.9);None
;451708;OUTDOOR;63909881202752;(193.7, 137.2, -861.5);None
;744922;OUTDOOR;63909882118463;(193.9, 137.2, -860.7);None
;765394;OUTDOOR;63909886082011;(193.4, 137.2, -864.0);None
;1013880;OUTDOOR;63909913461722;(194.0, 137.2, -859.4);None
709543
;303926;OUTDOOR;63909839933402;(208.7, 123.5, -231.1);None
;800863;OUTDOOR;63909850011387;(208.7, 123.5, -230.9);None
;130574;OUTDOOR;63909853982711;(207.9, 123.3, -233.9);None
868773
;924927;OUTDOOR;63909952525437;(832.8, 109.2, -686.7);None
286107
629657
680124
;912238;OUTDOOR;63909835284936;(660.8, 97.9, -17.5);None
;39900;OUTDOOR;63909968982460;(646.2, 97.8, -20.2);None
490612
974686
916416
220978
;855567;VEHICLE;63909863201499;(-39.2, 139.1, -752.9);None
;818106;VEHICLE;63909870509315;(701.7, 123.8, -846.2);None
;73328;VEHICLE;63909892159189;(807.1, 91.5, -226.1);None
268215
;183282;OUTDOOR;63909834365447;(643.0, 97.8, -20.6);None
345015
226461
;350076;VEHICLE;63909834046463;(-8638.3, 278.4, 7012.5);None
;674464;OUTDOOR;63909905036654;(244.5, 135.0, -914.8);None
;659846;OUTDOOR;63909938489594;(244.7, 135.0, -914.9);None
1032230
;998553;INDOOR;63909834668925;(456.2, 126.1, -853.9);Residential
;524334;INDOOR;63909856428285;(456.2, 126.1, -853.9);Residential
;272269;INDOOR;63909939713562;(-117.3, 138.9, -781.1);Commercial
563752
1001390
;367623;VEHICLE;63909832500205;(-47.9, 139.0, -753.7);None
;457737;VEHICLE;63909833109399;(243.6, 135.0, -910.3);None
;882492;OUTDOOR;63909837451658;(693.2, 124.3, -847.5);None
;68617;INDOOR;63909865929052;(759.8, 100.2, -472.5);FireDepartment
;473885;INDOOR;63909866849967;(759.8, 100.2, -472.5);FireDepartment
116166
806674
;689986;OUTDOOR;63909959844529;(244.7, 135.0, -914.7);None
509515
720437
556735
;245835;OUTDOOR;63909837451658;(208.7, 123.5, -231.1);None
556681
387937
563596
;67929;INDOOR;63909872032392;(784.0, 92.1, -299.2);Residential
496235
;418058;VEHICLE;63909911892209;(364.5, 116.4, -71.6);None
833390
486169
778198
;782084;OUTDOOR;63909852460534;(833.4, 109.6, -693.9);None
317408
805322
;1023411;OUTDOOR;63909881813173;(193.3, 137.2, -862.4);None
;45804;OUTDOOR;63909910954824;(193.8, 137.2, -863.7);None
;580112;INDOOR;63909964711971;(474.8, 126.4, -899.8);Residential
325019
;4547;INDOOR;63909843604714;(309.2, 122.2, -107.6);Commercial
;1031521;INDOOR;63909872640923;(530.2, 100.0, -70.8);Commercial
;520158;INDOOR;63909879063001;(530.2, 100.0, -70.8);Commercial
925571
;51719;OUTDOOR;63909875094747;(836.4, 112.2, -774.6);None
;760441;OUTDOOR;63909898265517;(832.2, 109.2, -685.5);None
1013872
734796
;112660;INDOOR;63909842063953;(805.2, 112.0, -766.7);Residential
648245
;2142;INDOOR;63909860741428;(908.6, 74.5, -2.0);Beautification
;680592;OUTDOOR;63909892466431;(706.4, 97.9, -23.7);None
327108
83221
923855
;928268;OUTDOOR;63909839004909;(255.1, 134.1, -913.5);None
;161503;OUTDOOR;63909840844819;(258.7, 133.8, -913.2);None
;73798;OUTDOOR;63909842994245;(258.4, 133.8, -912.4);None
;355065;OUTDOOR;63909845739191;(257.0, 134.0, -913.5);None
;171920;OUTDOOR;63909846047899;(256.5, 134.0, -913.2);None
;758449;OUTDOOR;63909847272211;(255.6, 134.1, -913.1);None
;798800;OUTDOOR;63909852460534;(257.2, 134.0, -913.1);None
;814057;INDOOR;63909931476681;(842.8, 103.4, -536.8);Residential
531955
542311
976589
;17989;OUTDOOR;63909922211055;(209.6, 135.6, -755.6);None
711490
;626879;OUTDOOR;63909870207704;(209.6, 136.0, -768.3);None
165510
;811163;INDOOR;63909869901577;(281.8, 132.2, -934.9);HealthCare
;975940;OUTDOOR;63909892159189;(240.8, 135.3, -915.5);None
;735126;OUTDOOR;63909894903625;(239.0, 135.5, -915.8);None
;1013217;INDOOR;63909983712114;(634.5, 126.7, -829.0);Residential
42904
;377416;VEHICLE;63909843301915;(-871.0, 138.5, -775.2);None
256873
;834865;OUTDOOR;63909876007346;(832.5, 109.4, -689.6);None
250262
;512267;INDOOR;63909855511653;(191.0, 122.6, -245.7);Residential
379686
;596462;INDOOR;63909850318343;(277.7, 124.9, -112.8);Commercial
;492344;INDOOR;63909915663752;(277.7, 124.9, -112.8);Commercial
;1036970;INDOOR;63909976921112;(277.7, 124.9, -112.8);Commercial
801893
1047644
;261852;OUTDOOR;63909859210135;(825.6, 103.2, -534.2);None
962020
;333906;OUTDOOR;63909844515915;(824.9, 102.2, -511.7);None
;325776;OUTDOOR;63909855206973;(824.6, 102.3, -514.9);None
849072
;540627;OUTDOOR;63909891245424;(251.6, 134.4, -913.9);None
;453086;OUTDOOR;63909919094417;(255.7, 134.1, -912.8);None
;954740;OUTDOOR;63909977230409;(255.3, 134.1, -913.2);None
750799
;130505;VEHICLE;63909916925882;(197.8, 137.1, -872.4);None
63780
208627
1004974
972781
622937
;690454;OUTDOOR;63909870509315;(245.6, 134.9, -914.5);None
;654953;OUTDOOR;63909880901932;(248.3, 134.7, -914.4);None
;945020;OUTDOOR;63909883328867;(248.3, 134.7, -914.4);None
;627524;OUTDOOR;63909890637677;(248.3, 134.7, -914.4);None
;677712;OUTDOOR;63909907832993;(247.4, 134.8, -914.4);None
;288750;OUTDOOR;63909924706044;(247.9, 134.7, -914.4);None
;1022881;OUTDOOR;63909925324582;(247.0, 134.8, -914.2);None
38182
632773
;547135;INDOOR;63909851234531;(268.5, 116.3, -351.6);Monument
;1012093;INDOOR;63909853375989;(268.5, 116.3, -351.6);Monument
;454167;INDOOR;63909855206973;(268.5, 116.3, -351.6);Monument
;778434;INDOOR;63909857944421;(268.5, 116.3, -351.6);Monument
;965139;INDOOR;63909869592234;(268.5, 116.3, -351.6);Monument
;283222;INDOOR;63909870207704;(268.5, 116.3, -351.6);Monument
;584008;INDOOR;63909872945599;(268.5, 116.3, -351.6);Monument
;646725;INDOOR;63909874485317;(268.5, 116.3, -351.6);Monument
;635461;INDOOR;63909883940131;(268.5, 116.3, -351.6);Monument
784058
755506
;578488;OUTDOOR;63909859825673;(832.5, 109.1, -682.8);None
52955
160518
;743970;VEHICLE;63909853982711;(199.9, 136.3, -783.4);None
;859247;VEHICLE;63909859515342;(199.9, 136.3, -783.4);None
321365
;855857;INDOOR;63909974481512;(-117.3, 138.9, -781.1);Commercial
693168
;450240;VEHICLE;63909880284945;(364.5, 116.4, -71.6);None
;863971;VEHICLE;63909881202752;(364.5, 116.4, -71.6);None
269099
;687869;OUTDOOR;63909850318343;(811.8, 91.5, -236.2);None
;391843;OUTDOOR;63909854290299;(812.5, 91.5, -236.0);None
236091
812671
;915828;OUTDOOR;63909845431442;(-45.9, 139.1, -757.9);None
;13118;OUTDOOR;63909885163556;(-50.1, 139.0, -758.3);None
;1008216;VEHICLE;63909895514232;(-39.2, 139.1, -752.9);None
;624678;VEHICLE;63909933298346;(519.3, 127.5, -871.8);None
987559
;133258;OUTDOOR;63909848793148;(832.3, 109.1, -683.4);None
;5121;INDOOR;63909868985196;(777.1, 117.1, -809.0);Residential
;794529;OUTDOOR;63909920957549;(832.5, 109.3, -688.7);None
597827
982885
;344680;OUTDOOR;63909846657260;(833.0, 109.1, -684.4);None
;733065;OUTDOOR;63909874485317;(832.3, 109.1, -684.4);None
;339791;OUTDOOR;63909891849979;(832.8, 109.1, -684.5);None
715000
;1022573;OUTDOOR;63909921908752;(-32.6, 139.2, -756.7);None
637739
;620050;OUTDOOR;63909863201499;(638.9, 126.7, -845.8);None
;221169;OUTDOOR;63909885163556;(193.3, 137.2, -875.7);None
;454300;OUTDOOR;63909887909099;(192.7, 137.2, -877.6);None
534023
;392993;VEHICLE;63909913461722;(202.4, 133.4, -680.2);None
763097
;114085;OUTDOOR;63909850932948;(256.5, 134.0, -913.5);None
;802113;OUTDOOR;63909866232443;(256.5, 134.0, -912.8);None
;726009;OUTDOOR;63909915349002;(258.5, 133.9, -913.3);None
;293921;OUTDOOR;63909943988693;(259.7, 133.7, -912.5);None
;520597;OUTDOOR;63909965316822;(259.4, 133.8, -912.6);None
704486
;101586;INDOOR;63909854290299;(267.3, 124.9, -571.6);Monument
;759416;INDOOR;63909854900074;(267.3, 124.9, -571.6);Monument
;405579;INDOOR;63909873867104;(267.3, 124.9, -571.6);Monument
34897
413983
;589876;INDOOR;63909890941337;(-243.8, 138.1, -135.8);PoliceDepartment
;432025;INDOOR;63909891245424;(-243.8, 138.1, -135.8);PoliceDepartment
;854920;INDOOR;63909893685614;(-243.8, 138.1, -135.8);PoliceDepartment
;298270;INDOOR;63909894600091;(-243.8, 138.1, -135.8);PoliceDepartment
;416446;INDOOR;63909966535303;(-243.8, 138.1, -135.8);PoliceDepartment
309216
;311665;OUTDOOR;63909856732805;(192.9, 135.1, -733.4);None
;558118;INDOOR;63909860131683;(170.4, 136.0, -716.9);Commercial
;916500;INDOOR;63909868066712;(170.4, 136.0, -716.9);Commercial
;793701;VEHICLE;63909916293336;(200.1, 136.1, -774.8);None
577580
353340
533683
;144807;VEHICLE;63909848492143;(-47.8, 139.0, -753.6);None
;828;VEHICLE;63909872032392;(828.4, 109.5, -694.1);None
;868114;VEHICLE;63909872032392;(-202.3, 138.0, -133.8);None
664521
;208559;OUTDOOR;63909853678675;(-43.1, 139.1, -758.1);None
;377928;OUTDOOR;63909858554887;(-40.9, 139.1, -757.8);None
;878027;OUTDOOR;63909870207704;(-39.8, 139.2, -757.5);None
;504456;OUTDOOR;63909907200189;(-42.9, 139.1, -757.8);None
25889
;961517;OUTDOOR;63909891245424;(335.0, 119.7, -86.5);None
;823704;INDOOR;63909925013623;(268.5, 116.3, -351.6);Monument
;1031499;INDOOR;63909939409267;(268.5, 116.3, -351.6);Monument
458598
;835782;OUTDOOR;63909864720849;(193.2, 137.2, -877.6);None
;944171;OUTDOOR;63909866540209;(193.5, 137.2, -878.3);None
;346183;VEHICLE;63909920640323;(197.8, 137.1, -872.4);None
196355
;366319;INDOOR;63909896727082;(606.8, 127.5, -832.9);Residential
;15258;INDOOR;63909958010796;(606.8, 127.5, -832.9);Residential
759544
;136228;OUTDOOR;63909848793148;(207.9, 123.4, -233.5);None
;662580;OUTDOOR;63909849095351;(208.8, 123.5, -230.9);None
;701741;OUTDOOR;63909872333671;(208.8, 123.7, -227.8);None
472952
883280
;9342;INDOOR;63909846966440;(795.6, 104.0, -555.0);PoliceDepartment
;586417;INDOOR;63909895514232;(795.6, 104.0, -555.0);PoliceDepartment
757451
534251
;134255;OUTDOOR;63909853375989;(201.4, 119.1, -515.1);None
;169257;OUTDOOR;63909859825673;(201.8, 119.1, -515.5);None
;725435;VEHICLE;63909897648700;(212.8, 123.0, -238.4);None
175946
;70204;INDOOR;63909868066712;(773.1, 94.6, -59.5);Residential
1021396
;711348;OUTDOOR;63909868376092;(835.1, 111.7, -748.1);None
178969
;670677;INDOOR;63909964405886;(660.4, 97.8, -49.1);Residential
654433
;695795;OUTDOOR;63909880901932;(-44.2, 139.1, -757.7);None
;872283;OUTDOOR;63909883022849;(-41.0, 139.1, -757.8);None
535805
;856885;INDOOR;63909865929052;(502.6, 101.4, -26.7);Residential
;904740;INDOOR;63909875704203;(502.6, 101.4, -26.7);Residential
;549464;INDOOR;63909949163534;(502.6, 101.4, -26.7);Residential
476569
;624644;OUTDOOR;63909852154730;(645.7, 97.8, -20.5);None
;26404;OUTDOOR;63909860131683;(648.5, 97.8, -20.0);None
;121515;VEHICLE;63909880284945;(819.6, 101.6, -501.7);None
;129508;OUTDOOR;63909888523179;(208.8, 123.9, -224.7);None
;711094;OUTDOOR;63909982721149;(658.7, 97.9, -18.0);None
592264
;275351;OUTDOOR;63909866232443;(832.8, 109.0, -682.1);None
;958992;OUTDOOR;63909874785968;(832.8, 108.9, -679.7);None
258049
13145
;796961;OUTDOOR;63909875395376;(832.9, 109.4, -689.4);None
;150854;OUTDOOR;63909906886699;(832.4, 109.3, -687.2);None
878334
;815710;OUTDOOR;63909880592593;(832.8, 109.1, -684.0);None
114078
378187
;461264;OUTDOOR;63909854290299;(252.4, 134.4, -914.2);None
;853691;OUTDOOR;63909854594941;(252.2, 134.4, -913.3);None
;841099;OUTDOOR;63909895819791;(192.8, 137.2, -879.0);None
;479084;VEHICLE;63909966232235;(197.8, 137.1, -872.4);None
10001
549003
379067
545191
;80023;OUTDOOR;63909879672337;(832.3, 109.0, -681.7);None
851572
;38208;INDOOR;63909863201499;(289.9, 131.0, -877.2);Residential
;917160;OUTDOOR;63909956791586;(238.9, 135.5, -915.2);None
261102
94526
;832045;INDOOR;63909900705717;(277.7, 124.9, -112.8);Commercial
871901
;847116;OUTDOOR;63909855511653;(-35.4, 139.2, -757.2);None
78787
;821391;INDOOR;63909976921112;(759.8, 100.2, -472.5);FireDepartment
817887
;801901;OUTDOOR;63909855818219;(812.6, 91.5, -235.8);None
;422960;INDOOR;63909954047077;(822.5, 94.8, -89.3);Education
716026
336879
;434208;INDOOR;63909856120644;(46.1, 139.1, -719.3);Commercial
;80711;INDOOR;63909881813173;(46.1, 139.1, -719.3);Commercial
;163938;INDOOR;63909961360050;(530.2, 100.0, -70.8);Commercial
640471
571418
321080
;825678;OUTDOOR;63909855206973;(-36.1, 139.2, -757.1);None
;864857;OUTDOOR;63909864720849;(-39.9, 139.1, -757.4);None
;575472;OUTDOOR;63909865021662;(-36.9, 139.2, -757.2);None
;357990;OUTDOOR;63909878760307;(-35.0, 139.2, -757.4);None
;632983;OUTDOOR;63909888218759;(-39.6, 139.2, -757.7);None
;695947;OUTDOOR;63909892772269;(-36.5, 139.2, -757.0);None
;610619;OUTDOOR;63909904110103;(-38.8, 139.2, -757.1);None
;914588;OUTDOOR;63909919398457;(-37.5, 139.2, -757.1);None
;913977;OUTDOOR;63909939713562;(-40.6, 139.1, -757.3);None
277440
;477581;INDOOR;63909864414342;(268.5, 116.3, -351.6);Monument
;345161;INDOOR;63909879371987;(268.5, 116.3, -351.6);Monument
747442
;800735;OUTDOOR;63909862592662;(358.5, 117.1, -68.2);None
;449035;OUTDOOR;63909867150006;(360.0, 116.9, -67.5);None
;776555;VEHICLE;63909891245424;(213.0, 123.5, -229.8);None
854284
521700
;621615;INDOOR;63909869592234;(778.9, 92.2, -187.3);Residential
8584
;548851;INDOOR;63909883328867;(285.6, 123.6, -62.9);Residential
77088
160855
;729900;OUTDOOR;63909892772269;(208.2, 123.7, -227.0);None
426569
;554918;INDOOR;63909896125685;(708.5, 123.6, -867.1);Residential
716519
;590009;OUTDOOR;63909901324499;(193.2, 137.2, -866.6);None
;153331;OUTDOOR;63909912210282;(193.9, 137.2, -862.1);None
216687
;498129;INDOOR;63909876307798;(-73.4, 138.8, -777.5);Commercial
674993
;56044;OUTDOOR;63909918786579;(823.9, 101.6, -499.8);None
1022403
;202361;VEHICLE;63909964096532;(198.0, 137.2, -863.8);None
346835
;498630;INDOOR;63909974481512;(530.2, 100.0, -70.8);Commercial
197234
866637
;1020460;OUTDOOR;63909857641176;(251.3, 134.5, -914.3);None
949166
;475490;OUTDOOR;63909877538433;(832.8, 109.4, -689.6);None
;106757;OUTDOOR;63909950090071;(832.7, 109.4, -689.4);None
974663
;784608;INDOOR;63909892772269;(502.6, 102.0, -75.4);Commercial
;790226;INDOOR;63909945209278;(277.7, 124.9, -112.8);Commercial
;300025;INDOOR;63909955272162;(277.7, 124.9, -112.8);Commercial
;825852;INDOOR;63909956791586;(277.7, 124.9, -112.8);Commercial
379589
;444586;OUTDOOR;63909925937522;(195.6, 136.0, -768.8);None
;552240;OUTDOOR;63909959231368;(195.8, 136.1, -771.9);None
167266
929453
262938
49447
543423
;64071;OUTDOOR;63909863810957;(-43.1, 139.1, -758.3);None
21291
;238941;OUTDOOR;63909861048795;(364.2, 116.4, -66.6);None
;559952;OUTDOOR;63909873250693;(363.4, 116.5, -67.0);None
;523702;VEHICLE;63909881510991;(364.5, 116.4, -71.5);None
1038725
;361999;INDOOR;63909858244452;(-117.3, 138.9, -781.1);Commercial
;980007;INDOOR;63909865021662;(-117.3, 138.9, -781.1);Commercial
854636
;40970;OUTDOOR;63909878760307;(832.2, 109.3, -688.1);None
197750
868595
415366
;443687;INDOOR;63909866849967;(-906.1, 140.2, -264.8);Garbage
767797
290231
;289485;OUTDOOR;63909860741428;(-36.7, 139.2, -757.2);None
;1025538;OUTDOOR;63909861048795;(-40.1, 139.1, -757.3);None
;459710;OUTDOOR;63909870509315;(-37.9, 139.2, -757.6);None
;296577;OUTDOOR;63909884549301;(-36.5, 139.2, -756.8);None
;237738;OUTDOOR;63909906280739;(-37.9, 139.2, -757.7);None
;1046662;OUTDOOR;63909936653273;(-41.0, 139.1, -757.9);None
181912
;39735;OUTDOOR;63909883940131;(659.7, 97.9, -17.9);None
821058
1039536
;851898;INDOOR;63909864414342;(660.4, 97.8, -49.1);Residential
;124709;VEHICLE;63909891849979;(648.0, 97.8, -24.4);None
;833076;OUTDOOR;63909906886699;(360.0, 116.9, -67.8);None
36665
969441
402611
795793
910864
;975698;OUTDOOR;63909881510991;(651.6, 97.8, -19.6);None
1016054
;239930;VEHICLE;63909868066712;(807.1, 91.5, -226.0);None
481429
;836839;OUTDOOR;63909876924819;(201.6, 118.7, -510.9);None
;500929;INDOOR;63909929030297;(-30.3, 139.3, -717.7);Monument
;476289;INDOOR;63909931476681;(-30.3, 139.3, -717.7);Monument
;830971;INDOOR;63909932693353;(-30.3, 139.3, -717.7);Monument
;242343;INDOOR;63909934832456;(-30.3, 139.3, -717.7);Monument
;570515;INDOOR;63909934832456;(-30.3, 139.3, -717.7);Monument
362256
;841158;INDOOR;63909891849979;(252.7, 126.7, -108.9);Commercial
134315
947276
;578544;OUTDOOR;63909914711721;(659.1, 97.9, -17.5);None
;809271;OUTDOOR;63909936961172;(659.8, 97.9, -18.2);None
999112
263413
885705
;967935;VEHICLE;63909880592593;(807.1, 91.5, -226.1);None
;835382;VEHICLE;63909979061189;(807.5, 91.4, -234.7);None
344345
719286
;607225;OUTDOOR;63909939713562;(-38.8, 139.2, -757.5);None
622822
;493427;VEHICLE;63909875094747;(807.5, 91.4, -234.7);None
;959700;VEHICLE;63909881510991;(364.5, 116.4, -71.6);None
;953119;VEHICLE;63909886688669;(364.5, 116.4, -71.5);None
;900397;INDOOR;63909957097523;(780.4, 91.6, -219.3);Residential
255010
;282468;INDOOR;63909867459275;(781.6, 91.4, -247.3);Residential
806393
981529
;17210;INDOOR;63909892466431;(753.4, 119.9, -812.4);Residential
259423
;786970;INDOOR;63909936347278;(170.4, 136.0, -716.9);Commercial
;582827;INDOOR;63909941543496;(170.4, 136.0, -716.9);Commercial
129709
;288014;INDOOR;63909901950388;(502.6, 102.0, -75.4);Commercial
415255
537845
;946853;OUTDOOR;63909890637677;(651.5, 97.8, -19.1);None
746509
896650
;259084;VEHICLE;63909872640923;(819.6, 101.6, -501.7);None
;402970;VEHICLE;63909874485317;(648.0, 97.8, -24.4);None
;61408;VEHICLE;63909881510991;(356.0, 117.3, -73.0);None
;583632;VEHICLE;63909885773401;(356.0, 117.3, -73.0);None
;929109;VEHICLE;63909887909099;(356.0, 117.3, -73.0);None
;1018465;INDOOR;63909921908752;(176.5, 137.2, -861.6);Residential
93255
;183190;INDOOR;63909926569507;(175.8, 138.8, -889.6);Residential
163283
;412723;VEHICLE;63909865628730;(828.0, 109.1, -685.5);None
;964110;VEHICLE;63909866849967;(-39.2, 139.1, -752.9);None
;207338;VEHICLE;63909868985196;(828.0, 109.1, -685.5);None
1009570
;715270;OUTDOOR;63909891245424;(832.0, 108.9, -679.6);None
923538
;1005603;INDOOR;63909910954824;(484.0, 126.8, -850.1);Residential
823811
735786
776960
768864
;729699;INDOOR;63909974481512;(561.8, 98.3, -16.9);Residential
306421
;169002;INDOOR;63909969283074;(502.6, 102.0, -75.4);Commercial
386290
711313
300792
;712337;VEHICLE;63909955880355;(202.3, 133.4, -680.1);None
719443
;188040;OUTDOOR;63909968059079;(649.3, 97.8, -19.5);None
266630
;64336;OUTDOOR;63909970202784;(824.1, 101.6, -499.3);None
939153
;927015;INDOOR;63909958619001;(908.6, 74.5, -2.0);Beautification
360839
492795
947095
387392
;120179;VEHICLE;63909970202784;(198.0, 137.2, -863.8);None
976423
643536
576980
896204
222552
87614
676163
744498
253961
255553
28583
866312
900411
944308
266721
593461
741377
349194
990074
379901
555403
599270
835435
1035905
164850
;396704;OUTDOOR;63909965015762;(649.3, 97.8, -19.0);None
986853
758659
286832
145123
14434
350866
312741
592922
;594735;OUTDOOR;63909960751785;(195.8, 136.4, -783.3);None
;190802;OUTDOOR;63909968982460;(195.3, 136.3, -780.5);None
;357297;OUTDOOR;63909969589653;(195.5, 136.3, -778.8);None
;725402;OUTDOOR;63909978757817;(195.8, 136.3, -782.0);None
650411
964987
710232
84749
129596
933786
752866
712602
486217
76744
999083
1028742
394394
974378
64990
588535
637918
490760
920720
1041482
264037
824482
860269
74359
992559
570586
;396061;OUTDOOR;63909970506768;(651.5, 97.8, -18.7);None
88441
290878
454028
295534
335490
380377
124098
490609
85516
532317
597368
208789
370882
1021520
191670
151596
913811
902851
417588
321827
592448
831090
793772
;829431;OUTDOOR;63909974175450;(-869.5, 134.6, -582.5);None
;541338;OUTDOOR;63909980276547;(-870.2, 134.6, -579.7);None
115834
;666095;INDOOR;63909968982460;(908.6, 74.5, -2.0);Beautification
933784
520877
650961
215507
260404
353596
827051
68888
236837
568061
227991
362089
93314
241358
858220
329081
;512385;VEHICLE;63909976310281;(-871.0, 138.5, -775.2);None
11554
;499844;OUTDOOR;63909978147083;(832.8, 109.8, -699.9);None
678261
22375
785607
666842
616828
86520
18743
966089
734634
125923
139288
;1002630;OUTDOOR;63909972639559;(208.4, 123.6, -229.7);None
762818
387141
118467
457991
1046279
495156
327523
880691
523804
536601
204079
488894
583011
931551
659249
447022
;906286;VEHICLE;63909973563333;(809.9, 91.5, -226.0);None
;333178;VEHICLE;63909978147083;(807.1, 91.5, -226.1);None
190402
531607
1039112
827914
952717
283292
595790
508134
1040214
42466
226511
747970
291437
241463
265973
62028
673255
710629
466459
315313
965250
956196
579968
58219
579613
324512
344804
294610
999423
;232464;INDOOR;63909979669042;(719.6, 97.2, 9.4);Residential
531634
534570
1005580
702575
76660
1014625
40793
10544
264723
555353
835773
383839
326238
556811
941349
748112
46746
42349
575088
617222
236748
623047
736453
45383
137864
946944
351586
167527
298353
1012030
316343
86110
576487
487856
778572
467548
741380
208453
256357
725496
564115
;154941;INDOOR;63909976002696;(795.6, 104.0, -555.0);PoliceDepartment
22656
920991
740738
616884
296941
425899
699462
1011419
403078
655730
512571
792340
919312
1046509
514912
583079
141674
466316
921018
584389
486654
;292200;INDOOR;63909984578838;(252.7, 126.7, -108.9);Commercial
797133
498515
785956
330974
212252
286764
510290
;4099;INDOOR;63909980880637;(844.3, 104.6, -568.8);Residential
981497
583092
930698
956447
656265
759797
892638
902578
76989
;337872;INDOOR;63909980880637;(788.4, 96.9, -395.1);FireDepartment
975777
377833
441248
657831
284488
139650
740684
222218
384731
885981
336482
556699
245390
475378
260851
671466
;659077;INDOOR;63909980578501;(257.8, 115.4, -467.4);Monument
1013052
835673
954208
14382
163248
714076
908287
107950
412585
842882
829696
55918
363004
181416
390101
288535
297216
673227
349740
882902
537476
395313
990284
781272
1022177
958027
743031
643474
815392
178360
109578
277601
340084
899320
437669
796759
915634
216433
672889
569105
609391
245851
782172
579
835981
;281773;OUTDOOR;63909983712114;(660.5, 97.9, -17.9);None
826092
426007
920878
943437
929373
107324
724326
682355
448418
415700
708310
637284
1021440
253036
474313
910770
1032350
154538
560255
997120
200624
556577
180299
1025904
998662
801168
470001
954593
1042045
938460
845883
887067
567864
431073
877371
48888
874018
881980
805643
756721
570132
966879
584100
936842
642841
259763
398293
364940
823247
691312
92730
